,id,date,rating,userName,content
0,1,2022년 8월 11일,5,김소연,잘쓰고 있는데요. 구매기한 다되가는거 알람울려 사용하는 푸쉬기능하고.. 사놓은 기프티콘 날짜순 정열같은게 있으면 좋겠어요. 그리고 이번 업데이트이후 상품이 크게보이는데 이전처럼 볼지 네모로 볼지 선택할수있었으면 좋겠어요. 전 이전버젼이 상품비교하고 한눈에 도여서 비교하여 구매하기기 편했거든요.
1,2,2022년 8월 12일,5,xx zz,"앱 깔끔하고 빨라서 좋습니다! 기능 추가됐으면 하는 점이 2개 있습니다. 1. 판매시 일괄승인, 일괄거절 기능이 추가되면 좋을거같아요. 2. 매입가능 수량이 대략적으로 나왔으면 좋겠습니다."
2,3,2022년 1월 11일,5,SJ PD,"지금까지 써 본 기프티콘 구매•판매 어플 중 단연 최고인듯 합니다. 앱 구성도 복잡하지 않아 사용하기 편하며, 가격도 합리적인 것 같습니다. 그리고 업무처리가 빠른 듯한 느낌이 들어 좋습니다. 기존에 다른 어플 쓰다가 별로여서 니콘내콘 쓰기 시작했는데, 비슷한 컨텐츠의 어플들 중 어떤걸 사용할지 고민이라면 니콘내콘 적극추천드립니다^^"
3,4,2021년 3월 17일,5,김잔디,니콘내콘 아주 잘이용하고있어요. 다른 곳보다도 저렴한편이고 사용방법이 간단하여 참 좋아요. 빠르게 구매가 가능하다는 점이 큰 장점인거같습니다. 카카오톡 문의를 남긴적이 있었는데 답변도 빨라서 만족스러웟습니다. 다만 아쉬운점이 있다면 어떤 기프티콘인지 볼수가없어서 ..예를들어 같은 가격의 커피쿠폰이라도 앱에서 사용할수있는 쿠폰과 직접매장에 가야지만 쓸수있는 쿠폰이 따로있는데 그런구분이 없이 가격으로만 구분이 되어 구매시 선택할수 없다는 점이 조금 아쉽습니다. 또하나는 사용완료시 제가 완료버틀을 눌러야하는데 가끔 사용하고 완료누르는것을 까먹었을경우에 어떤 기프티콘을 사용햇고 사용안했는지 구분하기가 조금 힘듭니다. 그런점 개선되었으면 좋겠어요! 조금더 저렴하고 이벤트도 많이 했으면 좋겠네요 !
4,5,2020년 8월 11일,5,SH L,"별5개 ☆☆☆☆☆ 별점이 올라가는 EVENT..! 비교하는 게 조금 마음에 걸릴 수도 있지만 발전을 위한 조언으로 생각해서 남겨보자면... [기프티슽아]는 견적 완료되면 카톡 알림이 와서 편리한데.... [ 니콘내콘 ]은 알림 없이 조용해서.... 들어가봐야하는게 신경쓰이고, 아직 견적 완료 안 되어있을 수도 있고 (헛걸음), 견적 완료 되어서 23시 59분 중에서 막 5시간만 남아있고 할 땐 순간 철렁!! 하기도 해서...... 프로그램 개발을 못하는건지, 아니면 안 하는 건지...(비용 9원 발생(?))... 그래도 사용하고 있어서... 감사합니다~~"
5,6,2021년 2월 19일,5,정민,너무 좋은거같아요. 모든 기프티콘을 본건 아니지만 훑어봤는데 모든항목 전부 할인하고 있더라구요..최소 8퍼센튼가 부터 보통은 10퍼센트 할인이고 좋아요 특히 치킨같은것도 할인 10프로씩해서 좋구요.근데 약간 아쉬운점을 꼽자면 메뉴가 적다는거?롯데리아 들어가봤는데 햄버거가 거의없어서 아쉬웠어요 그리고 기프티콘 대부분이 유효기간이 많이남았던 적게남았던 가격이 똑같은데 적게남은 기프티콘은 더 싸게 판매하는것도 좋을거 같아요!너무 잘쓰고 있어요
6,7,2020년 6월 29일,4,박지희,기프티콘 재고파악이 가능했으면 좋겠습니다. 한번에 여러개 구매가 가능했으면 좋겠습니다. 니콘내콘에 판매등록한 기프티콘은 판매자가 사용하지못하도록 제한을 두기는 힘들겠죠...?ㅜㅠ그 기능이 있다면 좋을텐데...그리고 각 기프티콘에 대한 유의사항을 자세히 알려주시면 좋겠습니다 친구추천으로 어플을 통해 기프티콘을 구매해 잘 썼습니다
7,8,2022년 1월 16일,3,홍수진,처음보단 결제방법도 간편해져 편리해졌좋아요.근데 아쉬운점은 선물해준 기프트콘이 사용했는지가 제 폰에서 확인이 않되는게 좀불편한것같아요.선물보낸게 사용한게 가는 경우도 생기고 상대보고 사용 여부를 계속 물어볼수도 없는거고~보관함에서 담아두고 있다보면 어떤건지 잘모르겠어요.바로 선물보내기 옵션이 추가되면 좋겠어요
8,9,2021년 4월 7일,5,이보영,기프티콘을 무조건 사용해야한다는 생각을 가지고 있었는데 어느 순간 만료된 기프티콘이 생기고 너무 아깝다는 생각이 들었습니다. 주위에 선물할 사람도 없고 개인적으로 일대일로 판매하려니 신경쓸게 많아서 니콘내콘을 만나게 되었죠.ㅎㅎ 간편하게 판매하고 현금으로 받는 것도 수수료가 없어서 정말 좋았어요~! 판매만 했었는데 요즘 땡처리 제품도 꽤 있어서 구매도 하는 편이에요~! 추천합니다! :)
9,10,2021년 3월 17일,5,바코,어플 이름처럼 기프티콘을 취급하는 어플 입니다. 사용하는데 있어 굉장히 저렴하며 편리하게 자주 사용하고 있고요. 유일하게 단점이라고 꼽는다면 구입한 기프티콘은 환불이 안된다는 그점만 입니다. 이유는 환불한 기프티콘만을 취급하기에 재판매가 안된다는 점입니다. 저는 그럴이유가 없이 모두 사용하였기에 매우 만족하는 어플 입니다. 때문에 더 활발하게 어플이 이루어졌으면 합니다. 감사합니다. ㅎㅎ
10,11,2021년 10월 14일,3,wontae Kim,"스벅사용 목적인데 저렴한건 좋지만 보통 사이렌 오더로 많이들 시킬텐데 쿠폰 인식이 너무 안되네요.. ((추가) 수기로 입력하라고 하셨는데, 수기로 입력하면 유효하지 않은 번호라고 계속 떴었습니다. 결국 파트너에게 직접 제시해서 사용할 수 밖에 없었습니다) 별적립 포기하고 저렴하게만 드실거면 추천합니다"
11,12,2021년 4월 7일,5,디귿니은,항상 중고거래 사이트에서 기프티콘 팔았었는데 직접 파는게 생각보다 신경 쓸게 많더라고요. 니콘내콘은 앱으로 간단하게 기프티콘 등록하고 편하게 팔 수 있어 신경 쓸 일이 많이 줄었어요. 팔고 며칠 내로 수수료 없이 출금 가능해서 좋아요. 요즘 정말 잘 사용하고 있는 기프티콘 판매 앱이에요. 추천합니다.
12,13,2020년 10월 5일,1,고구미삼둥이,"나의 개인정보 확인할 수도 없고 탈퇴하기 기능도 없네요. 시스템이 50프로 정도밖에 완성되지 않은 것 같은데 결제카드까지 등록하려니 너무 불안합니다. 1:1 카톡 문의하기는 왜 만드신건지... 질문에 다 이해할수 없다네요. 설정옵션, 개인정보 관리 옵션 등을 좀 자세하게 믿을만하게 개선하세요"
13,14,2021년 10월 27일,1,김하연,고객센터 시스템자체가 이상하고 계속 같은말만 복붙해서 넣고 답도 엄~청느려요 그리고. 환불이 있긴한데 너무 까다롭더라구요. 어플지웠습니다.절대 추천안합니다. 무엇보다 사기먹을수있어요 다른 후기들보시면 알겠지만 자기가 판줄모르고 쓰는사람들많아요 그래서 난처한상황 정말 많답니다.
14,15,2021년 11월 9일,4,MADI LOVE,"정말정말 잘 쓰고 있어요. 그런데 요즘들어 품절된 상품이 계속 목록에 떠있는 경우가 부쩍 늘었어요 ㅠㅠ 이용자가 늘어서 그런 거라 이해하고 싶지만, 타 기프티콘 매매 앱은 상품 재고를 확인할 수 있어서 헛클릭(희망고문)을 하지 않아도 되걸랑요... 이 점은 꼭 개선해주셨으면 하는 바람입니다. 기대를 담아 앞으로도 계속 이용할게요!"
15,16,2021년 4월 7일,5,nana,일단 필요없는 기프티콘을 팔 수 있다는게 최고인 것 같아요. 선물받아도 쓸모 없는 상품이나 이벤트로 받았던 기프티콘들은 판매할 수 없거나 판매하기가 귀찮아 그냥 안쓰고 냅뒀는데 이 앱을 알고는 아깝게 냅둘 필요가 없게됬어요. 최근에야 알게되서 판매는 한번 구매는 못해봤는데 앱 활용도 자체가 좋아서 앞으로 많이 사용할 것 같아요.
16,17,2021년 4월 7일,5,임은영,이벤트 당첨된 깁콘이 쓰고도 남아서 어찌 처리할지몰라 고민하던차에 니폰내콘을 알게되었어요ㆍ처음엔 겁이나서 못하다가 용기내서 해보니 너무쉽더라구요ㆍ가격이 정해지면수락할건지 말건지 고르게 되어있고 만약 조건이 안맞는거면 반려 되는 이유까지 나와서 쉽게 접근해서 사용중입니다ᆢ 저에 고민을 덜어준 니콘내콘 더욱더 성장하는웹이 되세요~
17,18,2021년 5월 21일,5,수진박,에러가 종종 나고 품절또한 빠르지만 그럼에도 불구하고 이런 어플이 잇다는 게 만족스러워요. uiux도 디자인도 불편함이 없고 광고도 너무 많지않아서 좋아요. 특히 결제관련 에러사항을 카카오톡고객센터에 문의했는데 빠르게 해결되진않았지만 최선을 다해서 대처해주신다는 게 매우 좋았습니다. 승승장구 하시길 바래요
18,19,2021년 6월 18일,5,MINUHANI,"신한 기프티스타랑 병행해서 사용하고 있는데, 니콘내콘이 구매 가격이 더 저렴하거나 판매 가격이 더 높은 경우가 많아서 더 자주 이용하게 되는 것 같아요. 판매의 경우, 즉시 출금은 아니지만 며칠 내로 출금 가능하도록 정산되어서 좋은 것 같아요. 앞으로도 애용할게요^^"
19,20,2021년 3월 17일,5,이지혜,다른 어플도 써봤지만 결제방식도 빠르고 다양하게 있어서 좋아요! 아쉬운게 없는데 아쉬운걸 쓰라하면 다쓴 쿠폰을 직접 누르는거??정도입니다 ㅎㅎ 주변에 추천하고 있어요 ㅎㅎ 뭐 사러 들어가기전에 이거 먼저 확인하고 산답니다..
20,21,2019년 3월 30일,5,Google 사용자,카카오톡으로 늘 이용하다가 어플 나왔다고 해서 얼른 깔았네요.니콘내콘을 잘 사용하고 있었는데 앞으로 더 편하게 사용 할수 있어서 좋으네요 니콘내콘은 일단 기프트콘을 안전하게 팔수도 있고 저렴한 가격에 구입 할수 있어서 주변에 계속 이용하라고 얘기 하고 다니고 있어요 앞으로 번창하세요^^
21,22,2021년 4월 7일,5,lov e,품목을 찾기쉽고 점검및 정산이 빠르게되서 편리함. 아직까지 단점찾지못했음. 다른앱들 두가지 더 사용해봤지만 단점이 넘 많아서 삭제하고 현재는 요 앱만 사용중임
22,23,2020년 2월 20일,1,Google 사용자,어제 9시 좀 넘어서 머니 충전을 하기 위해 계좌에 돈넣고 계좌로 10000원 충전하였으나 기다려달라는 멘트만 뜨고는 충전이 안되었습니다 오류인듯 하여 그뒤로 2번 더 해봤지만 계좌에서 돈만 빠져나가고 머니가 충전 안되었습니다 니콘내콘 어플 오류는 빈번했던지라 그냥 환불받고 계속 이용할 생각이었으나 상담원과 대화중(1분도 체 지나지 않아서)사라지고 지금까지 읽지 않고 있습니다 니콘내콘의 상담서비스는 익히 들어 알고 있었지만 이정도 일줄 몰랐고요 소비자를 이런식으로 기만하고 이용에 불편을 주는건 안된다고 봅니다 다시는 이용할 생각이 없습니다 환불조치 해주세요
23,24,2021년 4월 6일,5,김재환,편의점 정말 많이 가는데 그동안 손해본것 같아요 이 어플 사용하고부터 물건 살때마다 기분 좋음 모든 제품에 할인 붙어있고 어플 하나로 기프티콘 다 관리할 수 있는 점이 너무 좋았습니다 아쉬운 점을 굳이 고르자면 좀 더 많은 브랜드가 있으면 좋겠습니다 굳이 고르자면 입니다 ㅋㅋㅋ 너무 잘쓰고있어요
24,25,2021년 4월 7일,5,이미현,니콘내콘 앱 깔고 나서 부수입이 많아졌어요^^ 안쓰는 기프티콘 괜찮은 가격이 팔아서 좋아요! 다른 기프티콘 사고 파는 앱보다 금액이 괜찮아서 이제 이것만 써요~ 주로 판매하는 입장인데 기프티콘 필요할때 사보니 편하고 가격도 괜찮더라구요~ 이제 제가 매입할때도 많이 사용할거 같아요~^^
25,26,2019년 3월 29일,5,Google 사용자,니콘내콘이는 리뷰가 빠른편은 아니지만 판매시 매입가격을 높게 쳐주는 편이라 너무 좋아요 기프티xx랑 기xx원에 비해 매입시 가격이 높고 구매시에는 저렴해서 애용하고 있어요♡ 다른데는 오늘 받아서 바로 판매했는데 가격 20원씩 깎는데 니콘이는 제 값 쳐줘서 좋아요^^ 점점 더 번창하길 바래요!
26,27,2021년 4월 7일,5,최성희,기프티콘을 사고 팔수있어서 유용하게 이용중입니다 한번 판매 신청한 기프티콘이 사용이 안된다고 연락와서 돈 환불해드리고 제가 몇일있다가 가서 사용했더니 잘되서 황당하긴했네요 그일빼고는 문제없이 니콘을 잘 사용중입니다 근데 좀 아쉬운건 판매한 금액은 정산입금만되는데 기능을 좀변경해주셔서 내 니콘머니로도 전환이 되면좋겠어요 정산입금도 기달려야하고 그사이 구매하려면 또 충전이나 카드결제를해야하니 좀 귀찮아서 포기하게되기도 하더라구요 검토좀해주세요
27,28,2022년 8월 6일,5,soo,할인율도 높고 구매/판매할 때 편리합니다! 문의했을 때 답변도 빠르게 받을 수 있고 전반적으로 체계적인 점이 좋네요
28,29,2022년 7월 14일,5,지인,앱 디자인하고 전체적으로 낄끔해서 좋아용!! 문의도 엄청 빨리 확인이 되고 환불처리도 너무 빠름니다. 불편한 점 하나 없이 사용 가능해서 별점 남기고 싶었어용...ㅎㅎ
29,30,2022년 7월 21일,4,Jooyeon Song,업데이트 이후로 갤럭시 핸드폰에서 뒤로 가기 버튼으로는 뒤로 가는게 안되고 앱 화면 내에서만 뒤로가기 버튼을 눌러야 해결이 됩니다ㅠ
30,31,2022년 8월 11일,3,바카마,니콘머니를 해피머니상품권로 충전하려 하는데 로그인이 계속 실패됩니다. 해피머니 홈페이지에서 로그인 했을 때는 이상 없는데 여기에서만 자꾸 실패하네요. 어떻게 하면 해결될까요?
31,32,2022년 6월 10일,4,권andy,사용은 간단하나 가격도 좋으나 구매당시에 선물하기 기능이 있으면 좋겠습니다. 받는 분에게 캡처해서 보내기 이상해요
32,33,2022년 8월 10일,5,유아네루아,너무 잘 사용중입니다! 그런데 콘 보관함에 정렬을 기한순으로 해주시면 안될까요 ㅠㅠㅠㅠㅠ 매번 찾느라 오래걸려서....
33,34,2022년 8월 9일,5,pooh cafe,요즘 영화값 비싼데 싸게 잘 썼습니다 ^^ 처음엔 버벅 거렸는데 다음에는 잘 쓸수 있을것 같아요~~
34,35,2022년 6월 27일,1,아로하,괜히 업뎃했다가 진짜 별로네요 이전 버전 못돌아가나요? 기프티콘 판매에나 집중해야지 뭔 이상한 기능들 추가해가지고 복잡하게만 만들어서 진짜 별로네요
35,36,2022년 8월 1일,1,김현수,다른 기프티콘앱은 되는 기능인데 온라인 결제 및 배달이 되는 기프티콘인지 표시해주셨으면 좋겠네요
36,37,2022년 3월 5일,2,JoongSun Yean,"1. 수요일부터 화요일 캐쉬백에서 두가지 브랜드를 고를 수 있는데, 한가지 브랜드만 선택 후, 차후에 하나 더 선택하려고 하면 브랜드선택을 할 수 있는 부분이 따로 없는 것 같습니다. 현재 토스에서는 매주 3가지 브랜드를 선택 할 수 있는데, 한두개 골라두었다가 추후에 선택을 할수 있더군요. 2. 니콘내콘 포인트를 충전하는 간편결제수단과 브랜드 캐쉬백 카드는 따로 분리되어있어 동일카드를 이중으로 등록해야하는 어려움이 있습니다. 3. 땡철이라고 하지만 막상 들어가보면, ex) 스타벅스 tall사이즈음료(4580원)은 평소 구매 할 수 있는 금액과 동일하거나 거의 비슷합니다. 평소판매가와 동일한데 땡철이라는 표현을 쓰면 소비자입장에서 띠용? 할 수 있습니다. 4. 제가 좋아하는 BHC의 경우 쿠폰이 너무 제한적인 것 같습니다. 몇몇 브랜드도 1~2개의 메뉴만 있는 경우가 있는데, 이경우 특정 상품 쿠폰으로 다른 상품을 이용할 수 있는지도 의문이고, 뭔가 휑한느""신입인턴ㅎㅅㅇ친구"""
37,38,2022년 7월 30일,1,jw l,판매하려고하면 잘팔리는 쿠폰만 받고 잘안팔리는쿠폰은 몇번을들어가서 매입하는지 확인해야하고 판매승인나서 입금까지 받았는데 매입할때 꼼꼼하게검수안해놓고 이주뒤에 환불요청와서는 ai핑계대는 개빡치게 만드는 아주 몹쓸어플
38,39,2022년 7월 23일,1,최민지,가끔...이번에도 그렇고...매장 판매가격보다 비싸게 파는걸 확인도 안하는건 뭔가요..할인해서 26900에샀더니 매장 코드찍으니 24000원돈입디다...벌써 2번째 이런데 짜증나네요
39,40,2022년 6월 10일,1,전류,오늘 출금신청을 새벽에 하고 나서 오후 6시가다되어도 미출금 되더니 오후 7시가 되어도 출금 들어오지도 않았는데 어플에서는 출금됫다고 알림뜨고 1:1 상담은 같은말만 반복 하다가 6시이후로 채팅닫아버리구요 ^^;; 지금껏 몇번 출금하긴햇는데 이런경우도 슬 일어나는거보니 이상하고 찝찝하네요
40,41,2022년 7월 11일,5,김강산,"기프티콘 매입이 빠르고, ui가 편하며, 구입 결제또한 빨라서 좋아요. 덕분에 스타벅스 기프티콘 잘팝니다."
41,42,2022년 6월 29일,3,so young Lee,새로 시작하는 로그미. 2군데 다이소 모두 불분명한 주소라 적립 불가...다이소만 선택적으로 왜 그럴까요...포인트 적립은 되는데...이상타~
42,43,2022년 6월 6일,5,조서영,저렴하게 구입하여 잘 사용하였어요 잔액이 남으면 아까워서 돈주고 더 구입해야하는게 항상 불편하네요
43,44,2022년 6월 20일,1,배수웅,서비스 완전 최악이네요 기프트콘 팔려고 내놨더니 등록 다시하라고해서 등록했더니 다시 반려 받았어요. 뭐하는 짓이죠? 본인들 UI/UX 구린거랑 상담사랑 기프트콘 확인 하는 부서랑 매뉴얼도 다른가요?
44,45,2022년 6월 13일,5,최하나,아직은 유명한 곳뿐이라 조금 아쉬워요 그래도 불필요한 기프티콘 정리나 필요한 기프티콘 구매에 편리해서 좋네요
45,46,2022년 3월 16일,1,eun jin,"앱이 왜 안열리나요? 첫화면이 백지 상태로 움직임이 없어요. 잘 들어가지는 날도 있긴한데 아무반응이 없는 경우도 잦습니다. 나만 이런지, 다른분들은 아무때나 잘 들어가질까요? 사용하기 불편합니다."
46,47,2022년 3월 9일,2,조혜경,왜 수시로 렉이 걸리는 걸까요? 최근 들어 수시로 먹통이 되네요.ㅠㅠ 접속을 할수가 없어요.ㅠㅠ 삭제했다 다시 깔면 그때는 되는데 나갔다 다시 들어가면 또 로딩단계에서 멈춰있음. 핸드폰 마다 다 그럼.ㅠㅠ 왜 이럴까요? 관리자님 해결 좀 해주세요.
47,48,2022년 6월 10일,5,심성훈,잘 쓰는중입니다. 구매시 여러개 선택해서 한번에 결제 가능하게 해주세요.
48,49,2022년 6월 24일,1,bc a,다 좋은데 대체 왜..매입 열렸을때 알림 주는 기능을 안만드는지 모르겠음. 그게 그렇게 어려운 기능인가요? 수많은 사람들이 원하는데
49,50,2022년 7월 5일,5,YeeSeong[이성],항상 여기에 판매를 하는데 정산이 느리지만 가장 편하게 판매가 가능합니다.
50,51,2022년 3월 28일,2,아놔이거참나,아웃백 쿠폰 구매했다가 사기당했네요. 환불 처리는 되었습니다만 이 쿠폰이 사용이 다 된 쿠폰인지 아닌지에 대한 무결성 검증 절차가 있는지 아니면 미흡한건지 의심스럽습니다. 이 부분만 잘 체크되면 더 잘 될 수 있지 않을까 싶습니다.
51,52,2022년 6월 23일,5,김은영,저렴하게 사서 유용하게 잘 썼어요~ 자주 이용 할꺼 같아요~~^^
52,53,2022년 8월 10일,5,김은수,앞으로 니콘에서만 쓸게여 ㅠㅠ 허위신고 대처도 여기가 더 좋은것같아요
53,54,2022년 8월 11일,4,Suzy Q,구입항목마다 메모할수있으면 좋겠어요 (기프티스타처럼)
54,55,2022년 5월 20일,3,도레미,페이스북로그인하기로 계속 로그인했었는데 4월말부터 로그인이 안 돼서 계속 이용 못하고 있습니다. 이럴경우 어떻게 하나요?
55,56,2022년 6월 27일,1,jayjay Missjay,첫화면에 판매 현황 버튼 되돌려주세요!! 진짜 불편하네!
56,57,2022년 5월 3일,3,코무,카드 사용 캐시백 기능 좋은 기능같아 보이나 카드도 등록해서 쓰는데 사용후 자동적립도아니고 캐시백누르기... 캐시백 버튼이 바로 뜨지도않으니 매번들어가서 기다릴수도 없고 등록까지해서 쓴거니 만큼 캐시백도 자동으로해주셔야하지 않을까요? 쓰고도 캐시백버튼누르게하는게 맞나요 본인이캐시백받고자 사용한걸 텐데
57,58,2022년 6월 2일,5,Mijung Jung,구매도 사용도 편하네요. 자주 이용하게요.
58,59,2022년 5월 13일,4,clover,업데이트할때마다 묘하게 점점더 이상해져서 업데이트 안하고 싶어져요.. 옆으로 스와이프 하면 옆 카테고리로 넘어가게 해주세요. 카테고리를 왜이렇게 많이 나눠놓은건지... 옆으로 가기 힘들어요. 스크롤도 밑으로 다 안내려가는 오류도 있구요.
59,60,2022년 6월 7일,4,king mr,기존카카오선물하기는 원가격인데 여기선 저렴하게팔아서 가성비좋네요 종종 이용해야겠어요
60,61,2022년 3월 12일,3,12여름 k,자꾸렉이 걸립니다 사용기한 날짜가 임박해서 쓸려 하는데 앱이 안열려요 요즘들어 자주그래요~~
61,62,2022년 7월 19일,5,남권모,저렴하게 구매해서 좋아욯ㅎㅎ짱
62,63,2021년 4월 7일,5,미술관가는여자,"음료 마시거나 문화생활 즐길 때 조금 더 저렴하게 이용할 수 있어서 좋아요^^ 다만 환불이 안된다는 점, 사용 후 제가 사용완료 버튼을 눌러야 한다는 점이 조금 불편하네요~ 사용완료되면 자동으로 처리되었으면 좋겠습니다!"
63,64,2022년 3월 13일,1,임영민,주말에 사용하려고 구매했는데 쿠폰이 이미취소됬다고하면서 사용이 안됩니다. 당연히 바로 취소나 환불은 안됩니다 고객센터가니 상담시간이 아니라고 아무글도 남길 수 없습니다. 제 돈은 왜 다시받을 수 없는거죠? 최소한 고객센터에 글이라도 남길수 있게 해줘요 내돈 먹은 책임이 그쪽에 있는데 주말이라고 이렇게 아무대책이 없는건 무책임한것 같습니다.
64,65,2022년 7월 29일,1,ㅇㅇ,잘팔리는것만받고 별로임
65,66,2021년 5월 13일,1,밤의피아노,추천하지 않습니다. 벌써 기프티콘 사고 안찍히는 경우가 3번이나 발생했습니다. 스벅무료쿠폰을 자주 구매하는데 드라이브스루에서 애먹은적이 한두번이 아닙니다. 환불절차도 지저분하고 기프티콘 번호를 다 작성해야되더군요.. 애초에 확실한것만 팔아야지 구매와 환불에 까지 모두 소비자에게 불편함과 부담을 지우는 쓰레기 같은 어플이라고 생각합니다
66,67,2022년 7월 3일,5,김명주,필요할때 바로사서 사용~ 너무 좋아요^^
67,68,2022년 6월 12일,5,aid cas,정가보다 저렴하게 구매할 수 있어 좋아용 !
68,69,2022년 6월 17일,4,이양옥,가격저렴 더 많은 상품 나왔으면 좋겠네요~
69,70,2022년 8월 6일,5,주희,싸게구매해서좋아용~^^
70,71,2022년 8월 6일,5,Yachae Jin,너무 좋은 플랫폼
71,72,2022년 5월 1일,1,서울대고고,"4월30일 구매한 기프티콘이 사용됬다고떠서 문의하려고 앱켰는데 로그아웃되있었어요 카카오톡으로 회원가입했는데 로그인도 안되, 고객센터 문의도 안되고 무슨앱이 이렇게 엉망인가요? 다시 설치해도 동일 합니다. 확인해주세요."
72,73,2022년 8월 5일,5,김지은,유용해서 좋습니다.다양한 이벤트도 있어서 좋네요.
73,74,2021년 4월 8일,5,항이화이팅,구매 후 사용할 때 이미 만료된 쿠폰이라 뜰까봐 조금 걱정되는 부분이 있습니다. 앱 설치 후 초기 화면에서 이와 관련해 조금 더 친절한 설명이 있었으면 합니다. 앱 자체는 굉장히 유용해요
74,75,2022년 6월 10일,1,Dorrri Gommm,아침에 신청한 정산금이 들어오지 않아요. ㅠㅠ 1대1채팅도 되지 않고. 이제 그만두어야 하나요?
75,76,2020년 3월 7일,5,Google 사용자,기프티콘을 사서 써보진 않았지만 판매는 문제없고 좋은거 같아요. 판매를 해보니 카카오톡 선물하기로 받은 기프티콘을 판매했을 경우에 정산이 되고 난 이후에도 카카오톡 선물함에 미사용으로 있더라구요. 이런 경우 저는 기프티콘이 하나라서 헷갈리지 않지만 두세개중에 하나만 니콘내콘에 판매하게되면 헷갈려서 써버릴꺼 같아요ㅠㅠ 기존 문제점들이 이건거 같은데 제휴를 하던가 해서 카카오 선물함에서도 사용하지 못하게해야 할 거 같습니다!! 카카오 뿐만 아니라 그냥 사진으로 받는 기프티콘도 마찬가지 일테니 니콘내콘에 접수가 되면 사용처에서 니콘내콘으로 산 사람의 전화번호나 다른 증명번호를 제시하며 사용할 수 있게하면 어떨까요? 그럼 판매한 사람도 쉽게 써버릴 수 없을꺼에요. 어플리케이션 프로그램 설정에 대해 1도 모르는 사람이라 이렇게 될 수 있을지는 모르겠지만 많은 분들이 불편하지 않게 사용할 수 있는 앱이 될 수 있게 문제점들 해결해주세요. 응원합니다~!
76,77,2021년 4월 7일,5,박선영,"기프티콘을 일반적인 가격보다 저렴하게 살 수 있다는 사실에 놀랬고, 다양한 상품과 한번씩 찬스같은 땡처리된 특급세일제품이 나와서 종종 재미있게 구매했습니다. 가지고 있던 기프티콘도 소소하게 앱테크 하는 앱으로도 저에게 있어서는 도움되는 것 같습니다^^"
77,78,2021년 4월 7일,5,lysjin,소소하게 팔고있는데 일단 가격이 비슷하거나 높은게 있어서 잘 이용하고 있어요~ 수락이 빠른편입니다. 전 급하건 아니라 정산도 바로 안해서 난중에 차곡차곡 모인 금액을 보면 기분이 좋음
78,79,2021년 4월 7일,5,똥강아쥐,니콘내콘은 판매도 구매도 편해서 자주 애용합니다. 타사에비해 판매오류도 거의 없어 저는 이미 갈아탄지 오래되었어요. 앱에 판매하는 제품들도 앞으로 많이 다양해 졌으면 좋겠어요. 항상 도움이 많이되어 별다섯게 드리고갑니다~^^
79,80,2021년 4월 7일,5,Leat,기프트콘을 쉽게 사고 팔수 있어서 좋아요. 사용하면서 별 불편한 점도 없고 이벤트도 있어서 좋아요. 기프트콘이 자동인식 됐으면 하는 바램이 있을 뿐입니다^^
80,81,2020년 6월 19일,5,gon bro,잘이용중입니다. 그냥결재하는거보다 번거럽지만 할인된다는 히열이 있어 좋고요 개인적으로 내콘기프티콘마다 개인적으로 메모같은거 할수 있으면 좋을거 같아요 얼마남았는지 뭘 이용하고 남았다라는 표현할수 있으면 편할거 같아서요
81,82,2021년 9월 8일,1,eunii,여긴 정말 시스템도 문제지만 더 문제는 고객센터 응대방식임. 응대속도도 늦고 문제가 해결되기도 전에 챗 끊어버림. 이 앱 사용하시는 분들은 정산출금때까지 별다른 문제없길 바라세요.
82,83,2021년 4월 7일,5,셜록홈즈,"꾸준히 이용하고 있어요. 기존에는 카카오톡으로 이용했는데 확실히 앱이 편해요. 알림톡으로 날아오니 바로바로 매도도 가능하고 좋습니다. 다만, 매도시 기프티콘의 원가격이 적혀있지 않아 어느 정도의 할인율로 판매하는 건지 알 수 없어 좀 불편하긴 합니다."
83,84,2021년 4월 6일,5,김보영,매우 유용하게 잘 쓰고 있어요~ 크리스마스 기념일 같은때는 순식간에 소진되는것 같아요 ㅎㅎ 보유쿠폰은 바코드 찍힘과 동시에 사용완료 가 떴으면 좋겠어요 수동으로 사용 후 버튼 누르기 말구요 ㅎ..
84,85,2019년 3월 29일,5,Google 사용자,아이폰 쓰다가 안드로이드로 넘어와서 앱이 없어서 아쉬웠는데 안드로이드도 앱이 생겨서 좋아요~안쓰는 기프티콘 유효기간 지나서 버리는 경우도 종종 있었는데 니콘내콘에서 팔수 있고 필요할때 저렴하게 살수있어서 유용해요^^
85,86,2021년 9월 19일,5,박윤서,니콘머니 + 카드 결제 가능하게 해주세요. 니콘머니 쓰고 남은 금액 카드 결제하려고 했는데 안 되더라고요. 그렇다고 천원 단위로 결제가 가능한 것도 아니고요. 금액에 딱 맞게 쓰는 것도 힘든데 보완책 만들어주세요./ 내용 반영해주셔서 감사합니다. 잘 쓰고 있습니다
86,87,2021년 2월 7일,1,김수빈,"유명 유튜버가 광고해서 니콘내콘 포인트 2000원을 100원에 구매하는 이벤트 참여하려고 링크 들어갔는데 ""user.safe is not a function""이라고 하면서 암것도 안되네요. 이거 하려고 어플깔고 가입했는데. 그렇다고 가입축하 포인트를 주는것도 아니고, 기분 더럽네요. 다시는 이용 안할듯. 광고한 유튜버가 불쌍해 보이기는 처음이네요."
87,88,2021년 3월 17일,5,임세정,자주먹게되는 음료. 빵등 너무유용하게 쓰고있어요. 쿠폰을 카드로 결제도 가능해서 좋아요. 가끔 쿠폰에 따라 메뉴가 선정되기도 하고 소소한 햄복이예요
88,89,2021년 1월 15일,1,R A,비추천. 쓰지마세요 1.결제하는데 10분걸려서 결제창을 기다렸는데 결제가 안됨(최신삼성폰에 젤비싼요금제쓰는데도) 2.수수료(살때. 팔때. 3퍼센트 수수료 비싸네요 1만원결제시 300원 수수료. 구매시 판매시 모두 수수료를 가져가므로. 쿠폰없이 원가에 사는거랑 별 차이가 없네요 ㅠ) 3. 인증해야할게 너무많음 (통신사.폰번호.주민앞자리.콜인증) 4.콜전화인증 대기시간 (설명끝까지 다들어야됨 2분이상) 4.정보입력자하면 결제대기시간 3~4분 소요인데 제가 10분 기다려도 안넘어가네요. 제 정보만 업체로 넘어간듯.. 5.수수료 엄청 가져감 살때 팔때 둘다..
89,90,2021년 5월 9일,5,카일로,상품판매 보안이나시스템이 강해졌으면 좋겠습니다 사기가 많아서 구매자분들이 피해를 많이 볼것같습니다 검증후 등록승인해주는시스템있으면 사기 아닐가능성이 조금은 있을것같습니다 상품 등록할때마다 전번인증이나이메일인증 하면 사기당할경우 신고및영정 하면 사기방지 됄것같습니다 1대1문의로 사기문의오면 사기치신분 바로 영정하면 좋을것같습니다
90,91,2021년 4월 7일,5,갱상도,"이벤트 참여하면 기프티콘 많이 받는데요, 수도권에 살지않아서 없는 곳도 많아요. 그걸 쓰러 찾아가야 하는 불편함도 있구요! 당첨되면 바로바로 판매하니까 부수입으로 너무 좋아요~입금 처리도 빠릅니다 ! 제가 필요한 기프티콘을 저렴히 살수있어서 강추예요"
91,92,2019년 3월 29일,5,Google 사용자,원래 카톡에서만 이용하다가 앱 출시되었다길래 바로 깔아서 사용하고있어요!! 안쓰는 기프티콘 팔기도 하고 원하는 기프티콘 저렴하게 구매할 수 있어서 너무 유용한것같아요! 훨씬 이전부터 알고있었으면 좋았겠지 싶네요ㅎㅎ
92,93,2021년 4월 7일,5,MINI K,판매/구매가 편해서 잘 쓰고있어요! 앱도 깔끔하고 좋습니다 다른 판매앱도 써봤는데 니콘내콘에 정착했어요! 가끔 판매하고나서 푸쉬가 잘 안와서 시간 초과될 때가있는데 그거말고는 특별히 불편한 점은 없었어요~! ♡ 니콘내콘 최고
93,94,2021년 4월 7일,5,sun king,앱을 최근 깔아서 사용중인데 전보다 피드백이 빨라서 너무 좋아요 그리고 처리시간이 단축되어서 일일이 확인하지 않아도 알림으로 받을수 있어서 더욱 좋구요 앞으로도 잘 이용할 것 같아요 앱으로 이용하면서 전 개인적으로 더 좋아진것 같아서 아쉬운 점은 따로 없네요
94,95,2021년 4월 7일,5,yujin kim,"원하는 기프티콘을 저렴하게 구입가능하고, 안쓰는 기프티콘은 적당한 가격에 판매할수 있어서 너무 좋아요🤗 사용한지는 한달 조금 넘은듯한데 아직까지는 불편사항이나 단점은 못찾았습니다^^"
95,96,2020년 2월 11일,1,Google 사용자,원하는 제품을 할인된 가격으로 구매할 수 있어서 정말 만족하면서 애용하고 있었습니다. 이미 사용된 쿠폰이 구입되기 전까진 전 당분간은 이 어플을 사용하기 힘들 거 같습니다. 하지만 이 점이 개선된다면 기쁜 마음으로 다시 자주 이용하겠습니다.
96,97,2021년 3월 17일,5,1030 chlalswn,"정말 강추입니다! 땡처리 기프티콘, 특히 스타벅스는 정말 너무 싸게 살수 있어서 돈버는 느낌이 들어요^^ 기프티콘판매도 할수 있어서 일석이조! 알게 된 후 자주 이용하고 있어요~ 앞으로 더 많은 기프티콘들이 올라오길 기대합니다 감사해요~"
97,98,2021년 4월 7일,5,한지윤,합리적인 가격으로 쿠폰 구매할 수 있어서 너무 좋아용^^ 판매할 수 있는 제품도 다양해서 좋구요!! 정산도 빠른 편이라 앞으로도 자주 이용할 것 같습니다.
98,99,2020년 9월 24일,1,nayeon,오류 계속 나서 결제 중복으로 몇 번 반복되고 사용하지도 않은 거 사용 했다고 뜨네요. 오류로 인해 환불처리 되는 과정도 상담 과정이 너무 답답하게 반복 설명 드려야 하던데..앱과 상담부분도 개선 요청드립니다.
99,100,2020년 12월 28일,5,강윤정,"기프티콘을 저렴하게 구매할수있어서 좋아요. 하지만 환불관련이라든지, 키프티콘 사용여부 알수없음 등 제한적인 것이 많네요. 구매 시 신중하게 구매해야 합니다~"
100,101,2021년 4월 7일,5,유호용,"나에게 필요없는 기프티콘이 누군가에겐 유용하게 쓰이고, 내가 필요한 기프티콘은 저렴하게 구할 수 있는 매우 유용한 앱이에요. 리뷰도 빠르고 출금도 편해서 강추합니다."
101,102,2020년 9월 22일,1,김덕후,니콘내콘에 편의점 할인쿠폰 구매하려는데 결제가 안되요. 구매 페이지 마지막에 200원~499원 결제된 금액을 쓰라는데 대체 뭘 하라는건지 알수가 없음. 폰으로 전송되거나한것도 없고. 어플 지우고글 씁니다. 다른 리뷰보니 어플 안쓰는게 답이네요. 시간만 낭비함..
102,103,2021년 3월 20일,5,이채원,벌써 두번 사용했네요! 아직 팔아보진 않았지만 구매했는데 너무 만족합니다 구매하고 사용이 불가능하다는 후기도 봤는데 더 써봐야알겠지만 여윳돈이 있는 상태에서 아끼고 싶은 분들은 추천드려요! 문제 발생하면 시간이 걸리더라도 환불된다하니까용~
103,104,2022년 5월 9일,5,v,갓직히 여기만한 어플 없음 땡철이도 싸고좋고 싸이버거 단품이 많이 올라왔으면 하는 바램 ㅎㅎ
104,105,2021년 4월 6일,5,증산맨,땡처리상품으로 합리적인 소비가능! 지인 추천으로 어플을 사용하게된지 3달째입니다. 벌써 3번정도 기프트콘을 구매해서 사용했네요 ㅎㅎ 돈도아끼고 필요할때 먹고싶은 제품의 기프트콘을 바로 살수 있어서 너무좋아요
105,106,2021년 3월 17일,5,달조각,"할인한 가격으로 쿠폰을샀는데도, cj포인트 적립과 매장내쿠폰을 해줘서 좋아요! 안 해주면 솔직히 그냥 앱 사용 안 하는거랑 똑같을테니 당연한가 싶기도 하지만, 항상 감사하게 잘 사용하고 있습니다! ♡♡♡"
106,107,2021년 4월 7일,5,MiMe,니콘내콘이 사용 중인 앱 중 제일 잘 쓰게 되는 앱이예요. 사용성도 좋고 비슷한 다른 앱 들 다 정리하고 니콘내콘만 사용하려구요!
107,108,2020년 8월 21일,5,안혜영,"사용하지 않는 기프티콘 팔기도 하고, 급하게 쿠폰 필요하면 한번씩 구입하기도 합니다. 바로 열람되고 할인된금액으로 이용하기 편하고 좋아요. 니콘내콘 알고 정가에 사기엔 넘 아깝다는.."
108,109,2019년 3월 28일,5,Google 사용자,앱으로나오니 편리해졌어요~ 알람도 바로와서 너무좋아요!♡♡ 언제나오나 생각하고있었는데🌸😘 바로앱받았어요!접속이편해져서좋구요!! 기프티콘 싸게구입하시려면 니콘내콘 강추합니다🌸🌸🌸 축하드려요!! 더더욱응원할게요
109,110,2019년 3월 29일,5,Google 사용자,다른데 비교할 생각 1도하지말고 니콘하세요 타 판매업체 두군데 이용해봤는데 하나는 너무 매입안하고 앱으로 나온곳은 가격이짭니다 판매도 구매도 가장 합리적이고 알뜰하게 이용할 수 있는 니콘내콘 정말 강추합니다 광고할 마음없이 1년 이용해보니 진심 이곳이 짱입니다!!
110,111,2022년 5월 28일,4,얍얍,만 14세 이하는 사용할 수 없는게 아쉽습니다. 제 친한 동생이 제가 하는 걸 보고 다운 받으려 했는데 14세 이상이라 다운 할 수 없다며 속상해 하더군요. 만 14세 이상도 남은 기프티콘을 판매 하려고 하는 것인데 조금 아쉽습니다. 이 외에는 다 좋은 것 같아요
111,112,2022년 5월 24일,5,아이보리리,상위에 올라가라고 별 5개 답니다 최악입니다 고객센터 불친절에 무능력 무책임해요 브랜드 캐시백 이용하려고 해당 제휴사 이용했는데 적립 버튼이 안떠서 적립을 못했고 그에 관해 문의햤는데 적립버튼이 활성화되었으나 고객님 본인이 안누른거라 얘기합니다 아니 안떴는데 떴다고 우기면 뭘 어떻게 해야하나요?? 말 안통하고 제가 안뜬걸 증명할 길됴 없고 바락바락 우겨서 결국 아무 혜택도 못받았습니다 진심 사기꾼들같네요 홍가영 담당자 융통성좀 있어보세요
112,113,2021년 1월 20일,1,Emily kim,국내 1위라는 말 빼세요 결제도 안되는데 누가 1위줬나요? 카드등록 6번했는데 6번다 기 인증고객이라면서 에러나고 카드등록은 안되고 결제넘어가지도 않고. 덕분에 여기카드등록에 시간 다뺐기고 그사이에 제가 사려던거 남한테 뺐겼네요. 시간도 사려던물건도 빼가는앱이네요
113,114,2021년 4월 7일,5,Junga Choi,최근에 알게되서 너무 감사한 어플입니다. 살때는 매장에서 바로 사용할수 있을만큼 빨라서 편해요. 팔때도 피드백을 빨리 해주셔서 조금씩 전산되는 재미가 쏠쏠합니다. 정말 유용한 어플이예요. 감사합니다.
114,115,2022년 8월 9일,1,우딱디,사용도 안되는 쿠폰을 파는걸 무슨 심보죠? 그리고 무슨 상담을 18시에 종료를 하나요...최소 20시까지는 해야 하는 거 아닌가요
115,116,2021년 4월 7일,5,J J,니콘내콘 알게 된 이후로 정말 잘 이용하고 있어요. 안 쓰는 기프티콘 팔아서 용돈벌이하기도 좋고 싸게 구입해서 먹기도 좋네요. 구매/판매하는 것도 쉽고 편합니다.
116,117,2021년 3월 17일,3,유소영,기프티콘을 팔 수 있다는 점에서 좋았습니다. 다만 아쉬운 점은 제가 가지고 있는 기프티콘이 거기에 해당이 되지 않은 경우도 있어 그러한 부분을 개선해줬으면 좋겠습니다.
117,118,2021년 7월 10일,5,권이안,필요없는 기프티콘 판매 가능하고 계좌에 신청하면 간단하게 입금되어서 아주 편합니다. 다만 판매해서 캐시를 모으면 그걸로 니콘내콘 내의 물건을 살 수 없어서 약간 아쉽습니다.
118,119,2021년 11월 5일,4,SUN Johnny,물건 자주올리는데 리뷰올려놓고 까먹으면 시간초과로 다시 올리는 절차가 은근 귀찮네요. 자동수락기능이라도 만들었으면함. 또한 판매수락후 물건이 팔린건지 확인하는 ui가 직관적이지않고 불편해요. 팔린건 팔렸다고 직관적으로 표시되었으면합니다.
119,120,2022년 7월 14일,4,정혜선,반려라고 중복이라고뜨는데 고객센터번호도없고 어케문의해야하나요
120,121,2021년 7월 31일,1,엄승현,"기프티콘 판매를 위해 필수적인 본인인증을 정말 몇십 번을 했는데 계속 하얀화면만 나옴. 다 끝내고 인증번호까지 입력해서 인증 뜨고 마지막 최종 확인버튼 누르면 하얀화면. 고객센터 연락하니 오류수정중이라고 내일 다시 해보라고 해서 내일 다시 했더니 또 안됨. 안된다 했더니 이번엔 뭐 어플 캐시를 지우고 어플을 지우고 다시 해보라고. 회원탈퇴도 아무리 뒤져봐도 하는 곳이 안보임. 결국 고객센터에 문의해서 회원탈퇴받음. 한 번 오류가 있을수는 있지만 나같은 사람 한둘이 아닐탠데 최소한의 공지는 해줘야 하지 않냐고 물었더니 일부 사용자들에게만 나타나는 오류라서 전체공지가 어렵다고, 그럼 '일부 사용자분들께 이러한 문제가 일어날 수 있습니다. 오류해결중에 있으니 양해부탁드리겠습니다.'라고 팝업창을 띄울 순 없나요? 짧은 고객센터 상담시간에 문의했더니 답변도 바로 안주고, 회원탈퇴됐냐고만 몇번을 물어봤는데 아직도 답장 못받음. 어플 측의 잘못으로 인한 문의였음에도 친절하지않음. 최악"
121,122,2021년 10월 10일,5,이엘로,싸게 할인권을 살 수 있어서 좋아요! 유효기간 남은 기프티콘 사고파는 시스템 같은데 사람들이 사용 후 바로 사용완료 처리만 해준다면 흠잡을 데 없는 것 같아요!!
122,123,2022년 4월 7일,4,이현미,사이즈별로선택할수있음 좋겠어요~아메리카노사이즈 업그레이드 하고 싶어요.
123,124,2022년 6월 24일,1,윤지나,기프티콘 스벅 쿠폰을 20% 저렴하게 판매 해 놓고 그 쿠폰이 사용이 안되서 신고해서 고객 센터 문의했더니 안되는곳 매장과 날짜 안되는 문구 여러번 등록 하라고 하고! 문제 해결을 안 해주고 매장직원이 잘못해서 이용이 안되는거라고 해서 다른 쿠폰은 되는데 스벅 쿠폰20% 구매한거 2개만 안된다고 6월19일부터 계속 말을 해도 똑같은 답변인 매장 직원 잘못이라고 하네요 기계처럼 문자로 답변하는 니콘내콘 상담원 정말 신뢰가 떨어지네요
124,125,2022년 6월 14일,5,Yeonsil You,저렴하게 구매 할 수 있어 좋아요!!
125,126,2022년 7월 14일,5,마녀삐리리,물가가 비싼 요즘 너무 유용해요
126,127,2022년 6월 20일,4,김다인,앱은 다 괜찮은데 문의 받아주시는 분이 자꾸 짜증을 내시는 것 같아서 기분이 좋지 않네요....
127,128,2022년 7월 12일,1,김은주,발행취소된 쿠폰 확인 제대로 안하고 쿠폰 사용하다는 상담원...상담도 너무 늦어요 ㅠ
128,129,2021년 3월 17일,5,손현창,평소 편의점 많이 이용하는데 저렴하게 사용할수 있어 좋아요 아쉬운건 특가라든지 급땡처리라든지 이런거 구성하셔서 알림해주는게 있음 좋겠어요
129,130,2020년 11월 24일,1,김건식,"사기꾼 어플아닌가요? 1. 쿠폰 사서 결재할려고 카운터에서 보여주니까 사용완료된 쿠폰이라고 합니다 2, 그래서 니콘내콘 챗봇에 올리니까 해결해주는 시스템은 아니고 계속 구매할건지 판매할건지만 묻고. 3. 답답해서 전화하니 없는 전화라고 하고. 여러분 이어플 사기입니다."
130,131,2019년 3월 29일,5,Google 사용자,니콘내콘 통해서 땡철이로 저렴하게 맛있는 것도 먹을 수 있고 충전하면 몇 퍼센트로 얼마 더 충전해서 넣어줘서 잘 쓰고 있어요 남는 모바일 쿠폰 팔 수도 있구요 유용하게 잘 쓰고 있어요^^
131,132,2021년 3월 17일,5,강한나,다좋아요 아직 발전가능성 높은앱같아요. 근데 사용하기할때 바코드가 작동이 되는건지 아닌건지 잘 모르겠어요. 사용하고 바로 확인가능하면 좋겠어요.
132,133,2022년 6월 29일,1,이건희,탈퇴버튼 없음 고객센터 전화도 없음
133,134,2021년 3월 17일,5,5소옵소,"원가보다 싼 가격에 구입하여 사용 할 수 있는게 좋은거 같아요, 다른 사람이 기프티콘을 사용했을때도 처리가 빨라서 아주 만족했습니다. 그래서 믿고 사용하고있어요"
134,135,2021년 3월 17일,5,플루비아,정말 저렴한 값에 살 수 있는 것은 만족스러웠지만 이미지 저장이 없다는 사실이 아쉬웠습니다ㅠㅠ 그것만 추가해주시면 환경이 더 좋아질 수 있을 것 같아요.
135,136,2022년 5월 9일,5,장효진,블루베리 케잌이 없어서 다른것으로 대신샀습니다 그래도 다들 맛나게 먹었습니다
136,137,2022년 3월 7일,5,jung nam kim,페이백도 되고 기프트콘도 저렴하고 너무 좋아요
137,138,2022년 4월 14일,1,뚜찌빠찌뽀찌,판매하고 잊은지 오래인데 이미 사용된 쿠폰이라며 몇달뒤 고객센터에서 환불해랍니다. 살면서 가보지도 못한 부천에서 사용됬다고 카톡에서 답변받았는데 지네한테 입금해랍니다. 나참 어이가없어서. 돈 몇 푼 벌자고 이딴 앱 쓰지맙시다 진짜.
138,139,2022년 4월 25일,4,SangMook Lee,좋은데 동시구매가 안되고 판매사용된 쿠폰까지 같이 판매하고 있어서 결제할때 얼굴팔리는 순간순간이 있네요 챙피함은 당신몫!
139,140,2022년 4월 25일,5,BI,잘 이용하고 있어요. 쉽게 팔고 싸게 구매하기 좋아요.
140,141,2022년 3월 30일,5,김수영,필요할때 저렴하게 구매할수있어서 너무 좋네요
141,142,2022년 3월 17일,5,혜인김,할인율 큰거 잘 고르면 괜찮은것 같아요 잘썼습니다
142,143,2020년 4월 1일,1,Google 사용자,최악입니다 앱 자체가 미완성이고 서버랙때문에 중복구매되는일도 빈번합니다 환불규정도 굉장히 이기적이고 모든 책임을 고객에게 전가합니다 개인정보 이용규정도 명확하지 않고 등록된 계좌번호와 카드정도 수정도 불가능합니다 돈 몇천원 아끼자고 앱 설치했다가 기분만 잡치고 가네요
143,144,2022년 5월 18일,5,정재원,저렴하게 기프티콘 구매가 가능해서 좋아요♡
144,145,2021년 3월 17일,5,Ga Young Kim,우선 관리가 잘된다는 느낌적인 느낌이 있어서 믿고 거래할 수 있고 굉장히 세분화된 카테고리여서 살때는 좋은데 팔때는 찾기가 어렵;;정렬기능까지 바라는건 오바인가욥ㅎ 더불어 니콘머니 소액도 충전할 수 있었음 좋겠어요
145,146,2021년 4월 7일,5,미이,"기프티콘 판매시 직거래하는 경우보다 편해서 자주 이용하고 있습니다. 실수로 사용한 쿠폰을 올린적도 있는데, 니콘내콘에선 사용여부를 자동으로 알려주니 내실수로 남에게 민폐끼칠 일이 없어 좋아요."
146,147,2021년 4월 7일,5,성봉윤,빠른확인으로 사고팔수있어서 너무 좋아요 왠만하면 5분안으로는 다 오는것같아서 진짜 잘 사용하고있어요 계속 오류없이 이렇게만 운영해주시면 좋겠어요~!!!
147,148,2021년 4월 18일,1,weekyear,한 번도 아니고 두 번이나 이미 사용한 기프티콘이라고 하네요..저번에는 그냥 해프닝으로 넘겼는데 이번에 또 겪으니 정말 불편하네요..고객센터도 일욜에는 쉬니 여쭤볼수도 없고요. 내일 문의 드리겠습니다
148,149,2021년 2월 11일,5,리나,여기서 얼마를 썼는지 기억도 안나요ㅋㅋㅋ 진짜 너무 좋은뎅 이앱을 더욱 많이많이 사람들이 썼음 좋겠어요 백원이라도 아낄수 있어요! 심심할때마다 땡처리에 뭐 올라왔나 확인도 하는 재미 있어요 ㅋㅋ
149,150,2021년 3월 17일,5,홍가영,간편하게 할인기프티콘을 사서 쓸수 있어서 넘 좋습니다. 종류도 다양해서 자주 이용하게됩니다.
150,151,2019년 3월 29일,5,Google 사용자,예전 어플아니였을때는 판매할때도 살때도 속도감이라던가 리뷰오는게 느렸는데 지금은 좀더 빨라져서 좋아요. 매입가도 높은편이구요~ 아쉬운건 머니충전할때 금액이 오천원부터인데 좀더 소액도 있었으면 좋겠어요
151,152,2021년 4월 7일,5,이철우,언제나 편하고 유용하게 사용해서 대만족인데 가끔....아주 가끔 매입보류가 너무 길게 뜨거나 판매가격이 현저히 떨어질때가 있네요~그래도 나름 만족해서 주변 지인들에게도 강츄~~원츄~^^
152,153,2021년 2월 13일,3,최창영,기프티콘 안전하게 사고파는건 좋은데 제가 9900원에 올린 기프티콘이 10800원에 판매하는거 보니 수수료가 있는듯한데 그런건 판매할때 공지되었으면 합니다. 그리고 니콘머니 충전한걸 다시 계좌로 보내는 기능이 필요합니다.
153,154,2021년 4월 7일,5,sun myung kim,"항상 감사드리고, 덕분에 카페비용 많이 줄이고있고, 잘못된 기프티콘 확인후 연락드렸는데, 톡이라두 바로 피드백 해주셔서 서비스에 매우 만족했어요:))흥해라 니콘내콘!!♡♡♡♡♡"
154,155,2022년 5월 1일,5,임이랑,잘사용하고있었는데 갑자기 부팅 동그라미만 돌고 아무것도 안되요
155,156,2021년 4월 7일,5,빈현지정맘,정말 좋아요~ 일처리도 빠르고 잘 나눠져있어 판매하기 쉽고 구입하기쉽고 편리하고 깔끔해요~ 자주 이용합니다^^
156,157,2022년 1월 19일,5,한국송,결제편하고 쓰기편리합니다. 근데 기프티콘 확대버튼이 없어서 당황했어요 매장에서 인식은 잘 되긴했습니다.
157,158,2021년 5월 23일,1,yegeu kim,"지갑 안 들고 나가게 되어 깊티 두 장 사서 매장 가서 결제했는데 한장은 정상 인식, 한장은 세 번 바코드 찍고 인식 안 되어 수기로 바코드 입력해서 입력해도 사용불가로 나와 환불신청했더니 어쨌든 쿠폰 정상이다 무조건 환불은 안 된다! ㅋㅋ읽어보니 다른 후기도 그런 경우 많네요 상담원분들 스트레스 많으신 거 아니까 웬만하면 좋게 해결하려고 카톡했더니 상담사님께서 중간에 말 뚝뚝 끊어먹으시며 기싸움을 하시더라구요! 두 시간 카톡하고도 교묘하게 환불 안 된다는걸 계속 돌려 말하면서 책임은 지기 싫으신지 확실하게 환불 불가입니다. 라는 결론 말씀 안 주시고 복붙답변 계속 주시던데! 마지막에 답답해 환불은 무조건 불가능한가 확실히 말씀부탁드리니 그제서야 네 맞습니다. 결국인정하시더군요 인정하구 속상하셨는지 마지막 답변은 쏙 안 하시궁^^ 어휴 고객센터 운영 안 되고 카톡만 되는데 황당! 웬만하면 리뷰안 쓰는데 설치 전에 꼭 보셨으면 +동어반복봐ㅋㅋ답변 이악물고 쓰셨네요 많이 속상하셨나봐요ㅎ"
158,159,2021년 4월 9일,5,이응창,"장점 1.사용안하는 쿠폰 손쉽게 판매할수있음 2.인터페이스가 간단함 단점 1.판매금액으로 상품구입 안됨 (제가 할줄모르는건가, 기능이 아직없는건가)"
159,160,2022년 8월 3일,5,라이언,저렴한 금액에 득템 했습니다
160,161,2022년 4월 30일,3,김주호,쿠폰이 별도 화면으로 크게 띄워지지 않습니다
161,162,2021년 4월 6일,5,이보미,필요한 기프티콘을 시중가보다 저렴히 이용하고 되팔수있다는게 좋아요.다양한 기프티콘을 사고팔수있도록 다양한브랜드를 만들어주심좋겠어요.
162,163,2022년 4월 15일,5,Jeong eun lee,자주 사용하는 쿠폰을 저렴히 구매할 수 있어서 좋아여^^
163,164,2022년 7월 14일,3,서울대학생,판매했는데 무한 버퍼링 중입니다
164,165,2021년 2월 7일,1,정유진,쿠폰 사용하려고하니 유효하지 않은쿠폰이라고 뜨네요.. 카드 등록할 때 입금금액 입력하려고 할때도 계속 틀렸다고 해서 처음부터 다시하느라 힘들었는데.. 환불은 가능한가요
165,166,2021년 2월 17일,5,안유선,니콘내콘 진작 알았으면 사용못한 기콘은 없었을텐데 말이죠. 복잡하지않고 간단하게 잘 만든 앱이네요.
166,167,2020년 8월 14일,5,GS LK,근처에 가게가없거나 쓰는걸 잊어버려서 유효기간지나가 못쓰게된 기프티콘이 많아 버리게된게 많았는데 니콘내콘을 안뒤로는 바로바로 팔수있어서 너무좋아요♡ 왜진작 이런어플을 몰랐는지 ㅎㅎ 완전 대박
167,168,2021년 3월 17일,5,남혜영,"사용 기한도 넉넉하고 원하는 기프티콘을 언제든 할인가로 살 수 있어 너무 좋아요~^^ 카페나 편의점, 치킨 모두 할인가로 잘 이용하고 있어요~^^"
168,169,2021년 1월 12일,5,STAR Great,결제수단이 카카오페이나 토스나 삼성페이가 지원됐으면 좋겠습니다! 할인된 쿠폰으로 인해 정가로 사는 호구가 안 되서 좋습니다! 또한 할인퍼센트도 좋지만 할인이 얼마나 되었는지 금액도 같이 보여줬으면 좋겠어요 예를들어 1000원 제품이 10%할인이 되었을 경우 (100원할인)도 같이 표시되었으면 더 좋을 것 같아요!
169,170,2019년 3월 29일,5,Google 사용자,저렴한 값에 기프티콘을 사고 팔기 좋은 앱입니다..ㅎㅎ 판매의 경우 특정 매물의 판매수가 몰려서 갯수제한이 있는게 아쉽긴 하지만 오래오래 번창했으면 하네요~
170,171,2020년 12월 2일,3,ᄀᄉ,결제는 됐는데 기프티콘이 없습니다. 구매내역에 처음에는 결제된 내용이 있었는데 지워졌습니다. 결제만 되었네요. 해결해 주세요~
171,172,2021년 4월 7일,5,박기언,정확한 정산이 너무 좋아요 다른앱은 계좌번호 제대로 넣었는데도 안들어오는 경우가 있었는데 니콘내콘은 한번도 오류난 적 없어요 조금 아쉬운건 정산까지 이틀걸리는것 그것만 빼면 다 좋아요
172,173,2021년 4월 7일,5,밥먹는중이야,니콘내콘 아주 유용하게 쓰고있습니다! 판매금이 2틀뒤에 정산하는 부분이 아쉽긴 하지만 쓰지않은 기프티콘을 팔 수 있다는 부분이 너무 좋네요~
173,174,2020년 11월 10일,1,하니,구매해서 사용하려고하니 이미사용된쿠폰이라고한다. 구글스토어에 적힌 고객센터는 없는번호이고 카톡채팅으로만 상담을 받고 있다. 인터넷 찾아보니 사기꾼도 많고 운이 안 좋은 경우에는 환불도 안되는 경우가 많다고한다. 이 사실을 다 알고도 사용할지말지 결정하시길.
174,175,2020년 8월 11일,5,임규진,내가 쓰지 않는 기프티콘을 판매할 수 있고 또 필요한 기프티콘을 저렴하게 구매할 수 있어서 좋습니다. 땡처리 상품은 따로 모아 더 싸게 구매할 수 있어 바로 쓸 때 유용합니다.
175,176,2022년 7월 15일,5,신의한수,요즘 선물이 기프티콘으로 들어와서 니콘내콘에 많이 판매하고 있어요~ 편의점이나 카페 자주가는데 니콘내콘 이용하니까 돈이 많이 굳네요 진짜 개꿀앱입니다.
176,177,2021년 2월 23일,1,임진우,진짜 어이가 없고 화가나서 말이 안나오네요 판매 되는거 같지도 않고 환전받기도 어렵게 해놓고...기프티콘 판매 신청했다가 빡쳐서 회원탈퇴 했는데 회원탈퇴한 회원이 등록한 기프티콘을 그새 판매하셨나봐요?? 그런거 확인은 제대로 안하시나요? 판매를 하셨으면 회원탈퇴를 했더라도 고지를 하는게 정상인데 고지도 안하시고... 정말 어처구니가 없네요... 솔직히 평점 마이너스 점수 있으면 마이너스 점수 드리고 싶은데 없는게 참 아쉽네요^^
177,178,2022년 7월 13일,5,정연중,판매 취소하고싶은데 안되나요? 고객센터도없고 불편한데요
178,179,2022년 3월 3일,3,esperar la muerte,"싸다고 해서 들어왔는데, 인터넷 서치하면 더 싼곳도 많은듯 해요. 무엇보다 중고나라보다 비싸네요."
179,180,2021년 2월 7일,5,임보아,항상 잘이용하고있습니다... 매일업데이트되는땡철이..^^어떤게나올까궁금하고 싼가격에 맛있게먹을수있어서좋습니다 물론저도먹그 나눔이라는것도하며 행복한나날을보내요 자주이용하겠습니다
180,181,2021년 3월 17일,5,오혀니혀기 맘,"저렴하게 구매, 사용해서 돈 버는기분이예요 그런데 선물하기 기능은 캡쳐하고 낱개로 구매해야돼서 좀 불편하지만 돈을 절약하고 있어서 참고 이용 중이네요"
181,182,2021년 4월 7일,5,다마고치#,빠르게 처리되서 좋습니다. 사용방법도 간단하고 기프티콘 싸게살수도 있고 좋아요 자주 이용할게요
182,183,2021년 4월 7일,5,끌레르,사용하지 않는 기프티콘을 판매하기도 하고 필요할땐 저렴한 가격에 구입도 가능한 니콘내콘❤ 앱으로 출시되서 편리하게 사용할 수 있어요!!!
183,184,2021년 4월 7일,5,오승혜,안쓰는 기프티콘 팔 수 있어 좋고 사용하고픈 기프티콘은 저렴하게 살 수 있어 좋아요. 리뷰도 빨리 처리되고 정말 잘 사용하고 있어요~~^^
184,185,2022년 1월 14일,1,천이서,지금 빨리 기프티콘을 써야되는데 앱이 계속 안켜져요 데이터로도 해보고 와이파이로도 켜보고 업데이트하고도 닷 켜봤는데 안되네요ㅡㅡ 미치겠네요
185,186,2021년 4월 7일,5,투유튜브,앱을 설치하니 더욱 편리해요 리뷰가 완료되면 알림이 바로오니 완전 편리해서 잘 쓰고 있어요
186,187,2022년 1월 19일,2,하쿠하크,어플은 진짜 잘만들었는데 5천원 단위 충전이 정뚝떨이네요. 잔돈남으면 맞춰서 쓰지도 못하고 할인가 판매라 비용 5천단위로 맞추기도 쉽지않은거 뻔히 알텐데 일부러 충전유도하는게 눈에 확 보이네요 고객 이탈이 여기서 많이 나올듯 합니다. 경쟁사 충전구조 좀 벤치마킹 하셔야할듯.
187,188,2021년 4월 7일,5,곰돌이네,다른 유사어플쓰다 니콘으로 정착했어요. 편하고 저렴하게 살수있고 빠르게 팔수 있어서 좋은거 같아요
188,189,2021년 1월 11일,3,쩡이,다른건 다좋은데 여러게 구매할수있는 기능도 추가 해줬으면합니다 예를들어 커피쿠폰 여러게 구매하고싶은데 일이리 한개씩 구매하기가 불편하고 결제 시간 딜레이도 너무기네요
189,190,2022년 2월 10일,5,이화그린,소비 습관 유형 테스트 후 클릭하여 들어가 봤는데 원하는 브랜드의 쿠폰이 생각보다 많아서 좋았고 카드 결제도 쉬워서 사용하기 편했어요 자주 이용하게 될 듯해요
190,191,2021년 7월 18일,4,정서연,좋은 어플이어서 계속 사용중인데 삭제되어 다시 어플을 받아서 사용하려니 계속 중단이되어 들어가지를 못하고 있어요. 오늘까지 사용해야할 쿠폰도 있는데 해결 부탁드려요.
191,192,2022년 8월 14일,5,이윤용,쿠폰 사용해서 잘먹었습니다
192,193,2021년 4월 7일,5,핑크선율,사용하지 않는 기프티콘 판매와 저렴하게 구매해서 아주 잘 사용하고 있어요 솔직히 저는 니콘내콘이 제일 편하네요 앱 넘 좋아요 ~ 강추입니다 !!!
193,194,2022년 5월 6일,1,지복이 김슬미,사용불가한 기프티콘을 파네요.. 쪽팔려죽는 줄
194,195,2022년 3월 17일,1,서은희,요즘 앱이 자꾸 잘 안켜지는데 몇번을 지웠다 다시 깔게 되네요 한번 손보셔야 하는거 아닌지
195,196,2021년 4월 7일,5,인재명,리뷰 대기하는 시간이 길지 않고 일부 품목은 바로바로 리뷰가 되어서 좋아요~~ 인기 좋은 일부 품목의 경우 유효기간 더 짧은 것도 받았으면 좋겠어요!
196,197,2022년 7월 27일,5,NA MAN,편하고 좋아요
197,198,2022년 4월 2일,4,김태동,처음 사용하는데요 쉽고 편하네요.
198,199,2021년 5월 24일,4,신종협,사용은 잘 했는데 휴대폰을 노트 20으로 바꾸고난뒤에 어플이 안들어가지고 계속 앱이 중지되었다고 나와서 이용을 못하고있어요
199,200,2022년 2월 28일,5,도깨비,판매 구매가 쉽고 원하는걸 조금이라도 할인받나 살수있어서 좋네요. 진작 쓸걸그랬어요
200,201,2021년 4월 7일,5,JR Lee,"오랫동안 니콘내콘 애용중입니다 판매, 완료, 정산 과정이 간편하고 검수시간도 많이 빨라져 만족하고 있습니다 가짓수와 판매가능 유효기간이 좀 더 완하됐으면 좋을 것 같아요^^ 출석체크 등 이벤트도 많이해주세요~"
201,202,2021년 2월 3일,1,디비제이,다른건 좋은데 편의점제품을 사면 바코드가 확대가 안되서 사용이 안돼요ㅠ 그냥 캡쳐해서 매입한거 보내주는거 같아요 환불해달라니깐 쿠폰에 문제 없다고 절대로 안해주시네요ㅠ 이점을 고쳐줬으면 좋겠습니다 쿠폰번호로 결제하실 줄 모르는 점원분 만나면 사용도 못하네요ㅠ
202,203,2021년 2월 6일,5,최옥선,기프티콘을 중고거래하려면 사기위험이 항상 있잖아요. 니콘내콘은 그런게 없어서 좋아요~ 잘 사용하고 있습니다.
203,204,2022년 3월 10일,3,이미정,"잘 되던 앱이 어제부터 갑자기 먹통이 되네요 캐시를 삭제해 보고 지웠다가 다시 설치해 봐도 그때만 되고 안됩니다 오늘은 상담원과 톡으로 상담을 했는데 제가 했던 방법으로 앱 삭제, 캐시 삭제를 권고 하네요 관리자님 조치해 주세요ㅜㅜ"
204,205,2022년 1월 5일,4,몬아지스,기프티콘이미지나 바코드를 이미지파일로 저장하는 것도 있었으면 좋겠어요 남한테 보낼때 캡쳐하고 잘라서 일일이 보내기 번거롭네요
205,206,2021년 3월 17일,3,Jonny,"타 앱에 비해 자주 튕기고, 상품이 다양하지 않고(팔때) 입금이 시간이 좀 걸린다는게 불편합니다 노트9입니다."
206,207,2021년 6월 17일,1,민믿,"하나도 아까움 일단 1:1 상담 직원 태도가 매우 불량합니다. 저렴하게 구매할수있어서 참 좋게생각했는데,쿠폰 확인 기간이 길어 돈을 이중으로 사용하게 해놓고 보상불가. 충전한 머니만 사용 후 탈퇴예정입니다. 예전에 구매했을때는 제대로 확인도 안해보고 올림"
207,208,2021년 4월 7일,5,Jung Lee,저렴하게 기프티콘을 구매할수 있어서 혁신적인거 같아요. 내가 딱 필요한걸 10%~많게는 2 30%까지 할인되니까 매일 카페를 가는 저한테는 절약이 되어 너무 좋았고 아예 안쓰는 기프티콘을 선물받으면 난감했는데 저렴한가격에 팔수있어서 유용한앱이에요!
208,209,2021년 3월 25일,1,이상진,쿠폰이 유효기간이 남아서 매장에 갔는데 포스기에 만료가되었다는 오류접수하고 대기하였습니다. 4일이 지나도 답변을 안해주시니 또 문의하니 계속 확인하겠습니다는 답변만 이야기하네요 구매자를 약올리는심보인지 아니면 돈 환불해주기싷은 심보인지 미심쩍습니다. 제가 쿠폰 오류라고 증거 수차례사진도 보내고 불신뢰성인가여? 저를 만만하게 보는거라면 합당한조치를 할테니 개선 부탁드립니다
209,210,2019년 3월 27일,5,Google 사용자,딱 필요할때 빠르게 쿠폰거래가 앱으로 가능해서 좋은거 같아요ㅎㅎㅎ 처음에 기프티콘을 팔았는데 특가뜨거나 급할때 편리하게 사야겠어용>_<
210,211,2021년 4월 26일,4,최영식,1. 정산금 출근신청할때 전액신청하기 버튼이 있으면 좋겠습니다. 2. 전체판매수락 버튼이 있으면 좋겠어요. 몇십개 팔고나면 일일이 다 수락버튼 누르는게 번거롭네요. 3. 판매금을 기간별 조회하는 기능이 있으면 좋겠어요.
211,212,2021년 5월 6일,1,김지영,진짜 거지같은 응대 답변이 삼일은넘게 걸리는건 물론 매장에서 사용할수없다는데 인증샷 찍어오란다 뭐이런 쓰레기같은 경우가 있는지 그렇게 정상적이면 니네가 다시갖고가서 쓰고 나한텐 다른걸 줘야지? 앱에서도 바코드 인식불가 매장에서도 불가ㅋㅋ 정상이라고 인증샷?? 찍어오라고? 저기여 개인간거래도 이렇게 뭐같이 안합니다 ㅋㅋ 고객센터는 봇돌리는지 문의글 제대로 인지안하고 사진만 갖고오래 아 진짜 고객센터라도 멀쩡하거나 응대가 빠름 열이라도 들받지 금요일에 문의한게 수요일에? 진짜 어이없어서
212,213,2020년 8월 15일,5,꽃길로,니콘내콘~ 기프티콘 판매라는 새로운 세상을 알게해준 APP입니다~ 사용하지 않던 깁콘은 판매~ 필요한 깁콘은 저렴한 가격에 구매~~ 완전 좋아요~~ 별표 5개~~ ^^
213,214,2020년 10월 5일,1,천고불후,사기어플 입니다 결제하고 기다려도 안보내주길래 언제 발송되냐니까 다짜고짜 환불진행중입니다 환불이 언제될지모르지만 결제대행사를 통해 환불진행중닙니다 이말만 하고 돈먹튀 어플
214,215,2021년 3월 27일,5,오사쯔,다른곳보다 할인된 가격으로 쿠폰을 구매할수 있어서 항상 만족하며 이용하고 있고 구매후 바로 쿠폰확인가능하며 불편함없이 사용할수 있어서 너무 좋습니다.
215,216,2020년 11월 3일,5,차현철,사용안 할 기프티콘도 판매하고 할인된 금액에 구매할 수 있어 좋네요. 알림이 가끔씩 안와서 수락을 놓치는 경우만 제외하면 만족합니다.
216,217,2021년 4월 7일,4,김내일,다른 어플들보다 메뉴도 심플하고 매매시 매입가도 잘책정해줘서 니콘내콘만 이용하는거 같아요
217,218,2021년 11월 12일,4,김주성,잘사용하고 있습니다^^ 한가지 불편한게 있다면 쿠폰 여러개 등록시 유효기간을 일괄등록할수 있는게 있음 좀 편할거 같네요~ 지금은 일일이 입력해야하는 불편함이 있습니다.
218,219,2021년 3월 17일,5,송은미,기프티콘을 구매해서 항상 저렴하게 구입하고 있습니다~ 카드 등록해서 충전하면 추가적립해줘서 더 좋아요^^
219,220,2021년 4월 7일,5,이영경,저는 주로 파는 입장인데요 다른 곳보다 가격측정을 잘 해주셔서 감사해요 ^^ 대신 판매할 때 보면 제가 파려는게 매입 가능 품목에 없는 경우도 많아요 이체 정산할 때도 판매 다다음날에 이체가 되는데 이게 다른 앱 처럼 월 무료 이체 횟수 차감같은게 있는게 아니라 좋기도한데 다다음날까지 기다린다는게 좀 길게 느껴져요(또 다른 앱에선 팔면 그날 오전이나 오후에 바로 이체금 들어옴) 아님 이 기간에 제가 기프티콘을 살 수 있게 정산금이 적립금 식으로 들어온다면 이체 대신 적립금을 사용해도 좋을것 같아요
220,221,2021년 3월 22일,1,ᄀᄋᄋ,사용가능한지 확인후 구매하세요 여기서 구매후 편의점 매장 20군데돌았는데 다 없어서 사용불가임. 다시 판매하려니 매입안한다네요 판매는하고 매입은안한다니 전 다른 어플로 갑니다ㅉ
221,222,2021년 4월 6일,5,기쁨가득,편의점 물건과 기프트상품권이 다양하게 있고 가격 또한 저렴해서 즐겨 이용하고 있습니다. 추천드려요.
222,223,2021년 4월 7일,5,Dajeong Lee,기프티콘 사고팔기 편해서 유용하네요. 안쓰는 기프티콘 팔려고 글 올리고하기 번거로웠는데 니콘내콘 어플 받고부터는 간편하게 등록 가능해서 이용 잘 하고 있습니다.
223,224,2021년 4월 6일,5,김모,"여러 장점중에서 ""작은돈도 아낄수 있어서"" 젊은이들이 절약하는 사고방식을 배우기에도 매우필요한 앱이라고 생각합니다. 큰 금액으로 구입했을 때 사용금액을 뺀 나머지가 바로 명시가 되었으면 좋을 것 같아요 이**커피 사용중에 일부금액만 썼는데 바로나타나지않으니 모두쓴것처럼 알수가 없고 다소 불편한 마음이 들더라구요 사용법에 제가 익숙하지않은이유일수도 있구요~~"
224,225,2021년 8월 30일,3,한동진,정말 잘 사용하고있습니다만 장바구니 기능이 있었으면 합니다. 장바구니기능으로 여러 개 한번에 결제할 수 있도록 해주시면 번창하실겁니다
225,226,2019년 3월 29일,5,Google 사용자,리뷰처음남겨봐요 니콘내콘으로 안쓰는 기프트콘 판매해서 작지만 용돈도 벌고 싸게 구매도할수있어서 좋아요 앞으로도 자주애용할거고 주변지인들한테도 좋은어플이라고 소개해주었어요^^
226,227,2020년 9월 9일,5,DAGEUN PARK,이상하게 잘 사용하고 있습니다ㅎㅎ 딱히 많이 쓸 것 같지는 않았는데 카페나 편의점 갈 때 괜히 한 번 꺼내보고 개이득하면서 쓰게되네요 ㅋㅋㅋㅋㅋ
227,228,2021년 4월 7일,5,이이이,너무좋아요 사용처리못하는 기프티때문에 머리아팠는데 판매도할수있고 구입도 저렴하게할수있고 늘 이용중입니다
228,229,2021년 1월 15일,1,amy choi,처음 구입해서 사용하니 이미 사용한 쿠폰으로 나옵니다. 다행히 바로 환불 처리는 되었으나 신뢰가 떨어져 다시 이용하고 싶지 않네요..
229,230,2021년 10월 12일,1,BR DRA,탈퇴가어려움. 탈퇴요청시 모든 창이 사라지고 유선전화도 안되고 고객상담신청도 안됨. 탈퇴하기 눌러도 안됨. 아무키도 안먹음. 일방적으로 연락끊음
230,231,2021년 4월 7일,4,하늘,판매가격이 좋아 자주 이용해요. 근데 입금이 바로 이뤄지지 않고 며칠 걸리는 점이 아쉽네요
231,232,2021년 4월 7일,5,sparrow,"필요없거나 선호하지않는 기프트콘을 편하게 판매가능하고, 반대로 원하는 기프트콘을 액면상 가격보다 저렴하게 구입가능해서 매우 만족합니다."
232,233,2021년 3월 17일,5,김니융,가격도 싸고 다양한 종류가 있어서 좋아요. 가끔 찾는게 안오일때도 있는데 편의점이나 베라같은거 먹기에 좋은것같아요
233,234,2021년 4월 7일,3,니코니코니,기프트콘 저렴히 사고 팔수있는 어플 인데요. 저는 주로 팔기만 하는데 책정이 늦게 되고 입금도 늦어요. 허위신고도 많이되는것 같아서 팔면서 불안해요ㅠ
234,235,2020년 9월 11일,3,정지원,잘쓰고있다가 오랜만에 기프티콘 처음 팔아볼려고 들어갔는데 본인인증하려니 페이지가 안넘어감......... 재로그인하면 되려나해서 로그아웃했는데 이번엔 로그인페이지가 안넘어감....
235,236,2021년 3월 17일,5,안꼬비,너무 좋아요 수수료 같은것도 없고 그냥 머지포인트나 이런것도 생겼으면 좋겠어요 메뉴의 다양화!!!원츄!!
236,237,2021년 3월 17일,1,이민성,자주이용했습니다 근데사용한깊콘은팔지않았으면합니다 가격도싸고좋지만 사용했던깊콘팔길래많이짜증이났었고 또한환불요청했는데처리기간도 엄청느립니다
237,238,2020년 12월 29일,3,김지오,오랜만에 들어왔는데 남아있던 기프티콘이랑 사용목록 전부다 사라졌어요. 복구해주세요.. 오늘 다시 들어가보니까 원래대로돌아와있네요!! 일시적인 앱오류였나봐요 답변해주셔서 감사합니다~
238,239,2020년 11월 3일,5,nahyekyong,"가끔 생기는 기프티콘~~ 잘안쓰는 제품은 니콘내콘에 팔고, 또 필요한 제품은 니콘내콘에서 사기도 하고, 너무 잘 이용하고있어요^^"
239,240,2021년 3월 23일,5,志.,이용자가 많아지면 순환도 잘 되고 종류도 많아질것같네요 많이벌어서 홍보도 많이 해주세요 오래쓰고싶어요 ㅠ
240,241,2021년 4월 7일,5,김현진,쓰지 않는 기프티콘 팔기도 좋고 팔때도 상품 조회가 다른 앱들보다 훨씬 편하게 구성되어 있어요^^ 구매할때도 할인가격으로 구매해서 쓸수도 있어서 너무 좋아요.뒤늦게 알게 된게 아쉬울뿐 최고의 앱인듯합니다.
241,242,2019년 3월 29일,5,Google 사용자,어플 생겨서 너무 좋아요~~그전에도 잘 썼는데 구매도 판매도 편리하게 할 수있어서 좋네요~~^^
242,243,2021년 4월 7일,5,장고운,저는 개인간 거래하는걸 꺼려해서 기프티콘 판매하거나 구입할때는 니콘내콘 사용하게 되더라구요~ 상품 조회하기도 편하고 좋아요^^
243,244,2020년 8월 11일,5,JH. B,"믿고 구매하고, 팔 수 있는 정직한 플리마켓앱 입니다. 특히 빠른 판매가 편합니다."
244,245,2020년 10월 9일,5,본조,매우 만족하고있습니다. 상품이 조금만 더 확대되면 좋을거같습니다. 같은싱품 묶음으로로 한번에 거래할수있으면 좋을거같습니다.
245,246,2021년 1월 29일,2,신뇽재_사랑해,진짜 잘 쓰고 있었는데요 아이스크림을 구매해서 바로 가서 샀는데 안된다네요 쓴 것도 다시 올릴 수 있게 해주는건가요? 2점은 그동안 잘썻던거 별점입니다
246,247,2021년 3월 25일,1,이은정,충전을 했는데 잔액이 충전이 채워지지 않아서 문의하려고 하니 상담이 불편하네요 고객센타전화번호도 없어서 문의가 힘듭니다
247,248,2022년 1월 14일,2,mong mong,왜 로그인도 안되고 고객센터도 안되고 무한 반복이에요? 지금 앱 하나도 안돼요 갑자기 로그아웃됐어요. 뭐하시는거에요
248,249,2021년 4월 6일,5,류희주,저렴하고... 아주 빠르게... 딱 필요할때... 바로 기프티콘구매 가능해서 정~~말 좋아요 카페나 베이커리 들어서면 니콘내콘 앱부터 연다는~~ㅎㅎ
249,250,2021년 1월 2일,3,설하,그동안 잘사용하고 있었는데 사용된 기프티콘인지 2개가 갑자기 오류로 뜨면서 결제가 안되더니 가게에서 그냥 나오고 폰으로 환불신청하니까 1달가까이 연락이 없네요
250,251,2021년 4월 25일,5,Han Han,"잘 사용하고 있는데요...판매 중인 기프티콘에 해당 상품 구매처(기프팅,기프티쇼,카톡선물하기)가 표기되어있으면 좋을 것 같아요."
251,252,2022년 2월 2일,5,조혁래,한번 사용 해봤는데 일반 카드 결제도 잘 되고 기프트콘도 바로 사용 가능해서 좋네요
252,253,2021년 3월 6일,4,유릱,다 좋은데 캐시를 모을 수도 있었으면 좋겠습니다 ㅠㅠ!! 캐시만 모을 수만 있었다면 별 5개를 드릴수가 있겠네용ㅠ!
253,254,2020년 8월 11일,5,김애옹,니콘내콘을 알고 난 뒤부터 저는 부자가 된 기분이에요!! 웬만한 가맹점은 모두 있어서 뭔가 사먹거나 구매할 때 진짜 잘 사용하고 있어요♡ 가맹점 더 늘려주세요♡
254,255,2021년 4월 7일,5,Jang깽,팔수있는 기프트곤도 많고 올리면 금방판매가 되서 편리하고 좋아요 정산도 1~2일만에 금방되서 좋아요 살때도 다른데보다 싸게 사서 좋네요
255,256,2021년 7월 9일,1,박성은,니콘내콘 좋은 기프티콘 어플이라 추천해서 다시 깔았는데 계속 앱실행이 안돼네요 제 폰은 안드로이드 11버전 휴대폰입니다.
256,257,2020년 12월 15일,2,유봄,카드 등록 하고 결제된 금액을 맞게 눌러도 계속 아니라 뜨네요 어플은 다 좋은데 결제에서 막혀서 답답하네요
257,258,2021년 11월 14일,1,요를레이힝,뒤로가기 제스처가 실행이 안됨. 무조건 상단 뒤로가기 X 터치만 가능한 어플이 말이 되나
258,259,2020년 12월 26일,5,토리귀여워,기프티콘을 살때 잘 애용하고 있습니다. 포인트 충전시에 자율적으로 금액을 지정하서 충전이 가능했으면 좋겠습니다.
259,260,2021년 1월 29일,2,주은,결제하려고 5번 넘게 시도했는데 결제는 안되고 카드정보만 계속 나가네요. 결제방법 3개 다 시도했어요
260,261,2021년 2월 8일,5,skytt12345678,처음에는 유튜브에서 광고하는걸 보고 깔았습니다. 실제로 자주 가는 곳들이(쿠폰) 많아서 좋은거 같네요!
261,262,2020년 11월 3일,5,김기석,정말 편리하고 빠르게 이용하고 있어요 특히 커피를 안 마시는 입장에서 항상 고민이었는데 니콘 알고부터 쉽게 해결하면서 이익도 보니 정말 좋아요
262,263,2021년 2월 5일,3,은채,기프티콘 팔려고 했는데 미성년자는 못판다고 하네요.. ㅠㅠ 그래도 기프티콘 할인 많이 하는건 좋은것 같아요 기프티콘 미성년자도 팔수 있으면 좋을것 같아요ㅠㅠㅠ
263,264,2020년 9월 26일,1,설은세니카,여기에 아무리 개인별 판매라고 해도 사기당했을때 신고하는 시스템이나 전과가 있는지 확인하는게 없어서 불편하네요. 진짜 사기당했는데 환불도 못해서 그대로 당하는 수밖에 없어요
264,265,2021년 4월 7일,5,김관영,니콘내콘으로 선물받고 이벤트 당첨되것 현금으로 많이 환전 했어요~~^^ 너무 싶고 알아서 해주니 만족도 좋아요~~♡♡
265,266,2021년 2월 10일,5,풍선초록,아주편해요. 가입도 카카오톡으로 할 수 있어서 쉽고 저렴하게 구매할수있어서 정말 좋아요.
266,267,2021년 4월 6일,5,김수연,생각보다 할인율도 높고 되는 곳도 많아서 좋아요. 할인율과 더 많은곳에서 이용하게 됬으면 더 자주이용할것 같아요
267,268,2021년 4월 7일,5,정혜진,"필요한 기프티콘 저렴하게 구입해서 이용할수도있고, 안쓰는 기프티콘 쉽게 판매할수있어서 편리하고 좋아요"
268,269,2022년 2월 10일,5,김명호,항상 고맙게 생각하고 있습니다. 전 주로 판매하는입장인데 판매시 카테고리 직접 선택하지않고 기프티콘이 바로 인식되면 좋겠어요. 감사합니다
269,270,2021년 2월 5일,5,조애진,편리하네요^^ 문자 주고받고 할 필요없이 쉽게 판매가 가능해서 좋습니다
270,271,2021년 11월 21일,3,『ZPT』_혜진,"싸게 살 수 있고 좋은데요,,처음 사용하는 입장으로써 뭔지 모르고 사용완료같은거 눌러서 사자마자 돈 날렸네요 ㅠ한번 더 확인할수있게 해주시면 더 좋을듯 해요,,"
271,272,2020년 10월 20일,5,Grace Bell,어플 상품권구매할때 가맹점 일일이 클릭하는거 너무 번거로워요ㅠㅠㅠㅠ이전 버전으로 다시 할수없나요 구매하긴 넘좋응데
272,273,2021년 6월 10일,3,정유진,"앱이 자꾸 사용중지 떠서 실행조차 안됩니다. 핸드폰 재부팅, 앱재설치 해도 똑같아요"
273,274,2021년 3월 17일,5,올라잇,매번 잘 쓰고 있어요 필요할때마다 스벅 기프티콘 구매하는데 저렴하게 구매가 가능해 아주 유용합니다.
274,275,2021년 1월 17일,5,이언하,처음 알게 되었는데 너무 좋은것 같아요! 왜 이제 알았는지 ㅜㅜ 기프티콘 판매하기도 정말 쉽고! 먹고싶은 기프티콘을 조금 싸게 구매할 수 있어 좋은것 같아요! 다들 추천합니당!!!
275,276,2021년 3월 17일,4,차동환,기프티콘을 사고 팔 수 있음이 색달랐음. 다만 판매절차에서 이용자끼리 거래되는 건지...니콘내콘에서 먼저 구매하는 건지...판매하고 알 수 있었다.
276,277,2019년 11월 13일,1,Google 사용자,사용된거라고 해서 문의했는데 고객센터는 2시간이 넘어도 답장없고... 전화도 안받고... 최악이네요ㅋㅋ
277,278,2021년 3월 17일,5,셀럽,필요한 기프티콘을 저렴하게 구매할 수 있어서 너무 유용합니다 생각보다 엄청 다양해서 놀랐어용
278,279,2021년 4월 7일,5,청주마이쭈S2,니콘내콘은 안쓰는 기프티콘 팔때 너무 좋아요ㅎ 바로 제시가격뜨고ㅎㅎ급하게 깁티 필요할때도 많이 이용해요ㅎㅎ앞으로도 쭉 이용할거예요 ㅎㅎ
279,280,2021년 12월 27일,5,김정현,편리하고 좋아요. 판매자 관리만 제대로 되서 사용된 투폰이 유통되지 않게 난들어주세요
280,281,2021년 4월 7일,5,심성우,기프티콘을 팔아서 얻는 수익금이 타 앱보다 좋은거 같아서 애용합니다. 앞으로도 승승장구하세요
281,282,2021년 2월 21일,5,구정운,안쓰는 기프티콘 등록하고 쓰기 진짜 편합니다. 그리고 판매 등록에 리액션도 굉장히 빨라서 좋습니다
282,283,2020년 3월 23일,5,Google 사용자,10번 정도 구매한 것 같은데 한 번 이미 사용된 쿠폰이 걸린적 있습니다. 시간이 조금 걸렸지만 환불 처리해주셨네요
283,284,2020년 7월 1일,1,김공칠,계좌로 니콘머니 충전을 하려고 하면 얼마를 하려고 하던지 계속 취소 당하고 다시 시도해도 안됩니다...
284,285,2021년 4월 19일,3,공공칠빵,본인인증 했는데 인증하라고 그러걸랑요? 그래서 할랬더니 이미 인증했다고 무한반복이질 않나.. 그리고 다시 로그인 할랬더니 카카오톡 로그인이 안돼요. 오퍼레이션 타임아웃이라고 뜸
285,286,2021년 2월 4일,1,김혜정,"이미 사용된 쿠폰 샀네요. 판매자가 사용한 거겠죠? 환불 절차 복잡하고(서류 작성), 전화연결되는 고객센터 없고...그냥 이렇게 된 경우 몇 백원, 몇천원 싸게 살려다가 몹시 피곤해집니다. 이미 시용된 쿠폰 판매하는 판매자한테는 어떠한 제제가 가해지는건지??니콘내콘도 피해자한테 사과를 똑바로 해주셨으면..이상한 챗봇으로 연결시키지 말고"
286,287,2021년 3월 26일,5,이룸,오류걸렸는데 대처도빠르시고 보상까지바라지않고 환불요청이나 재발급까지생각했는데 환불요청&제가처음 쿠폰구매했던것 무료발급해주시고 진짜 친절하시고 오류걸려서 문의드렸는데 문의도 빠르고 아주만족합니다!!
287,288,2021년 4월 6일,5,난홍,카페 기프티콘을 싸게살수있어서 좋아요! 편의점도 자주 이용해서 싸게사니깐 좋네요
288,289,2021년 4월 6일,5,최남진,기프트콘 저렴하게 구매할 수도 있고 사용하지 않는 쿠폰 판매도 할 수 있어서 너무 잘 이용하고있어요~^^
289,290,2021년 4월 9일,2,Google 사용자,본인인증이 안됩니다. 정확히는 본인인증이 완료된 후 하얀화면이 뜨고 아무것도 안되네요. 문의해도 답이없고.... 아무것도 못하고있어요 ---------10번 정도 하고 2시간 지나니 되네요.
290,291,2022년 2월 12일,3,박송이,가계 매장은 많아서 좋은데 미니스톱이나 그런곳들은 새콤달콤처럼 1가지밖에 없어서 아쉬워요 많이 추가해주세요ㅠㅠ
291,292,2020년 5월 22일,4,정윤지,기프티콘사서 빨리쓸수있어서좋아요 근데 쓴걸 사용확인을 꼭해야하는게 번거롭네요...ㅜ
292,293,2020년 12월 31일,1,Chae eun Kim,결제 너무 느려터짐. 안내는 3~4분이라는데 20분 기다려도 안됨. 기다리다가 열받아서 제 돈주고 사게하는 어플인듯
293,294,2021년 4월 7일,5,전남희,편리하게 잘 이용하고 있습니다. 완료단계에서 입금까지 빨리 이뤄졌으면 합니다.
294,295,2022년 3월 27일,5,Lee HJ,좋아요 ㅎㅎ기프티콘 거래로는 가장 만족해요
295,296,2020년 8월 7일,1,서현,오늘 추파츕스 140원짜리를 구매할려고 카드입력을 하는데 몇번하다가 안돼서 포기하고 그만 할려는데 저는 산적도 없는데도 몇백원 계속 제가 구매한거로 뜨더라고요 구매내역을 봐도 구매한적이 없는데 제 카드에서는 돈 1000원정도 빠져나갔네요
296,297,2021년 12월 23일,5,먀먀,첨 써봐서 약간 걱정했는데 덕분에 케이크를 거의 6처넌이나 싸게샀어요 감사합니다♡♡♡
297,298,2020년 11월 3일,5,반해써,물건의 다양성.안쓰는 기프티콘 용돈도되고 재미도 있고 사고싶은것 종더 싸게사는데 도움되요
298,299,2021년 5월 1일,5,만찐두빵,"아주 좋습니다. 강과장님 유튜브광고로 알게되었는데 돈 없는 학생으로서 여기저기 모임다닐때 쓰기 딱 좋아요! 특히 카페깊티가 많아서 유용하고, 돈도 아끼니깐 뿌듯하네요"
299,300,2022년 5월 3일,2,댤댤꾸꾸리,다좋은데 쓰고 남은 금액 확인하는게 없어서 불편해요
300,301,2020년 12월 28일,5,성연우,다른 기프티콘 판매 사이트에 비해 조금은 느리지만 어처구니없이 보증금을 충전해야하는 일이 없어서 좋네요 판매하려 온 건데 말이죠
301,302,2022년 3월 1일,1,똔멋,기프티콘 사용하려고 매장갔는데 안된데요 바코두 읽히는 소리는 나고 결제는 안되요 한번 기프티콘 신고해서 문제 없다고 사용하라고 하셔서 다시 가서 해봤는데 안되네요
302,303,2020년 11월 2일,1,정건희,케이뱅크 이벤트 계좌개설이 니콘내콘 앱에서 안돼서 직접 케이뱅크를 깔아서 마저 진행했는데 이벤트 대상 해당되는거 맞죠? 니콘내콘앱 내에서 계좌개설이 불가능한거 같네요; 10번째 시도하다가 열받아서 결국 케이뱅크 깔았습니다. 이벤트 대상 아니면 정말 억울할 것 같네요
303,304,2021년 11월 3일,4,김메리,앱 의도는 좋은데 쿠폰을 쓰고 일일히 사용버튼을 눌러야하는게 불편해요.. 그때 바로 안누르면 사용했는지 여부를 알수없어서 긴가민가합니다..
304,305,2021년 10월 20일,5,마야,진짜 너무 편리하고 니콘페이를 쓰니까! 거의 최소 10%이상 할인이어서 너무 좋아여! 니콘내콘 ㅎㅇㅌ!!
305,306,2021년 1월 25일,3,김시연,카드로 결제하고싶은데요. 예전이 카드등록을 했더니 갑자기 카트미등록이 되어있더라구요 그래서 다시 등록할라더니 기인증이라고...ㅠㅠㅠ 등록취소 이런 건 없나요?
306,307,2021년 9월 24일,1,송지은,카드 일반결제에서 페이북이나 삼성앱카드를 누르면 어플로 연결되지 않고 구글플레이스토어로 연결되어 결제를 할 수가 없습니다
307,308,2021년 2월 5일,5,박희숙,자주이용하는 매장제품을 싸게 살수있고 할인율도 커서 너무좋음
308,309,2022년 5월 21일,5,오도고고,"필요없는콘 할인해서 팔고, 필요한콘 할인해서 사고 니콘내콘 좋죠"
309,310,2021년 4월 7일,5,chansoon Yu,사은 행사로 기프티콘을 종종 받는데 커피를 그닥 좋아하지 않는 저로서는 이게 참 처치 곤란이더라구요. 지인들께 주기도 하고 만료 직전 카페 가서 억지로 한잔씩 들고 오곤 했어요. 그러던 중 안되겠다 싶어 이리저리 검색해 보니 니콘내콘이 있더라능.... 와우~~ 이게 바로 신세계. 처치 곤란 커피 기프티콘 다 가져갑니다. 그리구 원하는 기프티콘 싸게 살 수 있으니 얼마나 유용한지. 지금은 수시로 들러 필요없는 거 팔고 필요한거 사 갑니다. 니콘내콘 최고중에 최고~~~~
310,311,2021년 5월 23일,4,김건주,원가가 저렴한 상품일수록 할인율이 더 큼(회사에서 기본적으로 가져가는 게 있는 듯) 그래서 5000원미만인 상품은 살 때 좋은데 10000원이상은 땡처리일때 제외하면 글쎄?
311,312,2020년 8월 14일,5,신현정,단언컨대 최고 어플입니다. 기프티콘을 저렴한 가격에 구매하여 유용하게 잘 사용하고 있습니다.
312,313,2021년 4월 7일,5,M H,처음 사용해봤는데.. 쉽게 따라할 수 있겠더라구요. 이번에는 판매해봤는데.. 다음에는 구매도 해봐야겠어요.
313,314,2021년 9월 17일,1,꼬북어니,메가박스 쿠폰 결제해서 바로 입력해봤는데 조회가 안돼요 누가 이미 사용한 쿠폰인것같은데 환불해주세요;; 안된다 이런거 말고 환불해주세요 너무 억울해서; 환불받고 바로 앱 삭제하려구요
314,315,2020년 2월 17일,1,Google 사용자,니콘내콘에 쿠폰2장 판매했습니다. 2일정도 후에 입금 되는걸로 아는데 입금을 안해주네요. 지금 어플 접속도 안됨! 판매하는 것도 짜증나네요! 판매취소도 못하고 이도저도 못하게 하는 어플! 쓰고싶지 않아요
315,316,2021년 5월 10일,5,영은,사기 위험 있다는 얘기 듣고 걱정했는데 2년 동안 무사해서 앞으로도 사용할 것 같아요. 같은 제품 저렴하게 구입할 수 있어서 좋아요
316,317,2020년 5월 19일,5,Joon Kang,사용하지않은 기프티콘 적당한 가격에 팔수있어서 너무 좋네요!!! 서비스 앞으로도 쭈욱 잘되었으면 해요.
317,318,2020년 8월 21일,3,채널 권과장,"재고로인한 미매입상품은 다시 매입가능할경우, 알람 정보주시면 좋을것 같습니다."
318,319,2019년 8월 4일,5,Google 사용자,편의점 가서도 계산하기전 니콘 필수네요. 이제 알았다니.. 자주 구매하는 상품 즐겨찾기 기능 추가해주세요
319,320,2021년 12월 31일,5,박수진,구입하고 바로 사서 먹었어요~ 결제도 카드결제로 편하게 되서 좋네요
320,321,2021년 6월 17일,1,김재홍,잘 쓰다가 폰 바꿔쓰려니 앱은 설치되는데 실행이 안되네요. 폰은 poco f3 입니다.
321,322,2021년 3월 19일,5,오정민,정말 좋은 어플인것같아요!!. 항상 어딜가든 먼저 니콘에서 확인하고 이용하고 있습니다!!
322,323,2022년 2월 1일,5,가실,다른 기프티콘 사이트보다 저렴하게 구매가 가능해요!!! 자주 애용하려구요 ㅎㅎ
323,324,2021년 4월 6일,5,Y Y,충전도 간편하고 저렴하게 기프티콘 구매하는게 좋아서 꾸준히 사용하고 있어요!
324,325,2020년 8월 11일,5,장유진,니콘내콘 앱 매입이 전보다 잘 되서 좋네요♡ 다른 곳보다 시세좋아서 이것만 이용해요!!!
325,326,2021년 6월 27일,5,정미영,할인받아서 조금 더 싸게 먹을 수 있어서 좋았어요^^ 조금 싸게먹으니 더 맛있는 것 같아요ㅎㅎ
326,327,2021년 2월 5일,5,seonju lee,스벅자주 이용하는데 저렴하고 좋아요~! 기프티콘도 사고팔고 할수있어 넘 좋습니당^^
327,328,2022년 5월 30일,3,손생화,편리함 근데 다양하지는 않음
328,329,2022년 5월 30일,4,zerorenee,판매하고 3일이나 지났는데 정산금이 안둘어와요 ㅠㅠ 이거 언제까지 기다려야 하나요ㅠ?
329,330,2021년 4월 7일,5,모든날모둠순대,너무 좋습니다 오류도 없고 가장 중요한 기프티콘 판매도 잘됩니다 저같으면 ㄱㅍㅌㅅㅌ안쓰고 이거씁니다ㅎㅎ
330,331,2021년 4월 7일,5,이화봉,빠르게 기프티콘을 구매하고 판매할 수 있어서 좋아요. 편리합니다.
331,332,2021년 3월 17일,5,김재호,기프티콘 유용하게 구매해서 사용하고 있습니다. 저렴하게 이용할 수 있어서 좋아요.
332,333,2019년 3월 29일,5,Google 사용자,잘 안쓰이는 기프티콘 팔고 잘쓰는 기프트콘은 싸게 구매하고😍 어플이 출시되서 너무기뻐요👍 최고입니다
333,334,2022년 3월 6일,5,오도연,편리하고 유용하다 추천~~~~~
334,335,2021년 1월 14일,5,박지훈,좋긴한데 기프티콘을 선물했을때 사용하였는지 안하였는지 구분이 되면 좋겠어요
335,336,2021년 4월 7일,4,L해안,구매는 해본적이 없는데.. 기프티콘 판매시 정산일자만 좀 앞당겨지면 좋겠어요
336,337,2021년 2월 11일,5,정연경,편리하게 기프티콘을 사고 팔 수 있어서 좋습니다. 이벤트도 많이 했으면 좋겠습니다.
337,338,2022년 7월 18일,5,구민희,잘사용하고있어요
338,339,2021년 10월 30일,1,공주아띠,금방구매했는데 사용됬다고떠서 카페에서 당황했네요!! 환불도안되고 돈은 빠져나가고 어떻게해야하는건가요?? 빠른처리바랍니다 ㅜㅜ
339,340,2020년 11월 3일,5,HaNa Kim,매우 만족하며 사용중입니다ㅎ 기프***보다 리뷰도 빠르고 좋아요 더 많은 상품으로 확대되면 좋겠어요ㅎ
340,341,2020년 11월 7일,2,Jean Lee,카톡 고객센터도무슨챗봇만되고 따로등록이 안되여기에다 글남깁니다.기프티콘을사고 구매는하긴했는데 매장에서 추가결제 요청했습니다. 애초에쿠폰에 명시된사항도아니고 이미다결제된마당에 당황스러웠습니다. 이럴거면 다른거로 샀을텐데요..
341,342,2021년 2월 6일,1,윤정훈,아니 쿠폰에 문제가 있어서 상담원 연결원하는데 왜 계속 카톡으로 상담을 하려 그래. 쿠폰 사자마자 사용하러 갔는데 사용한거라고 뜨는데 왜 계속 문제없다고 환불처리 안해준다 그래요?? 확실하게 운영하던가 아니면 개선좀 하쇼. 괜히 아까운 돈만 날렸잖아.
342,343,2022년 7월 25일,1,sorrow J,계산 수단이 다 앱 따로 깔거나 토스 등록이 되는 카드가 있어야 하는 거라서 따로 계좌나 카드를 등록하려고 하는데 그마저도 안되네요 살다살다 인증번호가 안 오는 경우는 처음 봐요
343,344,2021년 1월 24일,2,김수한무,잘 쓰고 있었는데 요즘 갑자기 결제가 안되고 대기화면만 몇분 유지되길래 지웠어요
344,345,2021년 2월 27일,1,박민준,내가 원래 리뷰 안 남기는데 이건 진짜 심하다 ㅋㅋㅋ 아니 할인 가격을 정했으면 그대로 팔아야지 들어갈 때마다 가격이 올라있어 ㅋㅋㅋㅋ 땡철이에다가 품목 올려놓고 잘 팔리니까 밑도 끝도 없이 계속 가격 올려버리네 ㅋㅋㅋ
345,346,2020년 9월 9일,5,정과장,판매하기 올리면 리뷰대기 가 뜨는데 확인후 수락이나 반려 상태가 됐을때 알람이 안떠요. 그래서 까먹고 있다가 다음날 보면 시간초과가 되어버려요. 제발 알람좀 고쳐줘요. 아니면 문자나 메일로 상태값을 보내주세요.
346,347,2021년 12월 7일,3,깔깔마녀갱,저는 다른것보다 기프티콘 판매후 처리가 좀 빨랐으면 좋겠어요.판매후 입금받기까지 3-4일이 걸리니 불편합니다ㅜㅜ 확인후 바로 입금해주는 시스템만 추가되어도 좋을것 같아요.
347,348,2019년 11월 19일,1,Google 사용자,재수없으면 사용된쿠폰 걸려요..고객센터는 없구요..카카오톡 문의로 해야합니다..그것도 바로처리가 되는게아니라 쿠폰 판매한사람한테 확인해야한다니.. 말이 되요!. 이미판매한걸 팔았는데..확인도 안한걸 왜파냐고 했더니 개인정보때문에 확인할수없다네요..무슨 말같지도 않은 소릴 하나했네요...종종 할인받아서 사용할땐 좋았어요..근데 이런경우가 막상 닥쳐보니 너무 당황스러웠어요..
348,349,2020년 11월 3일,5,천국의 극락조,기프티콘 저렴하게 살 수 있고 안 쓰는 기프티콘은 판매 할 수 있어서 너무 유용해요!!
349,350,2022년 7월 1일,2,히히물꼬기,메가커피 쿠폰 구매하기누르면 금액이랑 날짜가 안나와서 구매할 수가 없는데 이거 앱오류인가요??
350,351,2022년 6월 9일,5,전진석,편하고좋아요
351,352,2022년 6월 4일,3,유근민,Cu모바일 상품권 판매는 어떻게 하는건가여
352,353,2022년 6월 1일,3,몽글,돈 입금 왜 안되나요 ??출금신청은됬는데..
353,354,2022년 4월 15일,5,용용,알뜰하게 이용하기에 참 좋은 어플인 것 같아요!! 죽마고우
354,355,2021년 4월 21일,5,브브,자주가는 음식점을 할인된 가격에 이용할 수 있어서 너무 좋아요. 더 많은 브랜드가 추가되었으면 좋겠습니다. 감사합니다. 번창하세요.
355,356,2022년 3월 20일,1,황찬호,첫화면이 열리질않는데 그럴때마다 삭제해야됨
356,357,2019년 3월 28일,5,Google 사용자,앱으로 나오면서 카드 결제 되는거 너무 편하고 좋네요~
357,358,2021년 4월 6일,5,이혜담,이런앱 첨 사용 조금이라도 저렴하게 사용 할수 있어서 좋아요~~
358,359,2021년 4월 7일,4,이경수,기프티콘 저렴하게 구매할수 있어서 좋고 안쓰는 기프티콘도 판매할수 있어서 좋아요 단 판매후 정산까지 시일이 좀 걸리는게 아쉬운 부분입니다.
359,360,2021년 5월 27일,3,정성욱,어플이 안 될때는 계속 죽어요. 그럴때 재설치 하면 되지만... 그거 말고는 만족합니다.
360,361,2022년 3월 24일,5,Kwangyun Kim,정가 다주고 구입할거 할인가로 쿠폰 구입해서 왠지 득탬한 느낌
361,362,2022년 4월 19일,1,응으,구매내역에는 결제된게 있는데 쿠폰도 안들어오고 돈도 안나갔어요ㅜ
362,363,2022년 5월 1일,1,손건호,로딩조차도 안됩니다 제거후 설치 해도 똑같구요
363,364,2022년 3월 9일,5,구름,완전 굳 어지간한 유명 브랜드 다 있음.
364,365,2022년 4월 16일,5,이윤주,저렴하게 구매해서 좋아요
365,366,2021년 4월 17일,4,이필황,그.. 구매하고나서 어떻게 쿠폰을 사용할수있는지 안내가 있었으면 좋겠어요 구매시 이메일 필수기재길래 이메일로 날라오는줄 알았거든요^^;
366,367,2022년 2월 2일,5,생선초밥,혹시 설 연휴기간 내로 이 글을 보시면 메일도 보냈으니 확인 부탁드립니다. 이미 판매에 올려버린 기프티콘이 알고보니까 사용이 안 되는 건데 판매취소가 안 돼요...ㅜ 저도 기프티콘을 주신 분한테 뒤늦게 연락을 받아서 판매 취소하려고 봤더니 그런 기능이 없어서요 고객센터는 연휴끝나면 가능하다 하고 혹시라도 이거 보면 연락 부탁드려요.. 전 고소당하기 싫어요..
367,368,2021년 7월 25일,4,Google 사용자,기프티콘 유효기한 알림이있으면 좋겠어요. 금액을 딱딱 맞춰쓸수 있는데는 한계가있으니까.....ㅜㅜ
368,369,2020년 9월 19일,5,정희,날짜 많이 남은 것도 저렴하고 얼마 안남은건 엄청 저렴하게 구매할 수 있어서 너무 좋아요!!!!
369,370,2021년 4월 6일,5,홍현영,기프티콘 구매를 자주하는데 이렇게 할인구매할 수 있다는걸 최근에 알았네요 싸게 사니 좋아요
370,371,2021년 4월 14일,3,Jaemulpo,기프티콘을 판매한다는 것은 좋은데 미성년자도 판매 가능하게 변경해 주시면 감사하겠습니다.
371,372,2021년 4월 7일,5,우상훈,꿀어플입니다 좋은가격에 바로 팔수있는게 가장큰 장점이에요!
372,373,2022년 1월 27일,5,City SongJeong,장바구니 기능 만들어주세요. 한번에 10장씩 구매하고 싶어요. 1장씩 결제해야하니 불편합니다.
373,374,2021년 3월 17일,5,박태숙,수시로 선물하기하는데 너무좋아요 앞으로 계속 이용할것같아요 ^^
374,375,2021년 10월 24일,1,봉봉봉,스타벅스 마카롱 기프티콘이 10월 25일 03시 42분까지라고 되어 있어서 조금 전 10월 24일 17시 40분 경에 사용하려고 하니까 기간이 만료되었다고 하네요. 문의하려고 했더니 고객센터 서비스 시간이 아니라고 채팅창은 활성화되어있지 않아서 우선 여기에 남겨봅니다.
375,376,2020년 2월 17일,1,Google 사용자,구매했는데 이미 이용된 기프티콘이라고 하네요. 사전에 확인없이 버젓이 이렇게 판매되는거 문제라고 생각합니다 ㅡㅡ
376,377,2021년 3월 17일,5,정진우,영화볼때나 파리바게트갈때 저렴하게 구입 가능해서 너무 좋음
377,378,2022년 3월 6일,5,성지,더 저렴한 가격에 사고 안쓰는 기프티콘을 팔 수 있어서 좋습니다!
378,379,2021년 1월 19일,1,김혜오,니콘내콘에서 교촌치킨쿠폰을 샀는데 사용하려하니 이미사용된걸로나와서 고객센터 문의했는데 처리를안해주네요 회사전화번호도없고 답답해 죽겠구요 카톡문의는 이해할수없다는 챗봇이 계속해서 같은답변만하네요
379,380,2021년 4월 7일,4,최지연,니콘내콘.앱.사용하기.넘.좋아요.이용도용이하고.잘사용중입니다.최고^^♡
380,381,2021년 3월 17일,5,S Lee,모바일쿠폰 저렴하게구매해서 잘이용중이예요.진작알았음좋았을텐데..감사합니다
381,382,2022년 3월 23일,5,Mi Zo,할인받아 구매해서 좋네요~
382,383,2020년 9월 14일,1,Dong eon Kim,여기 기프티콘 구매후 같은종류제품 아이스크림패키지가 바뀌져서 쿠폰 인식안되는데 환불이안됨 ^^;; 소귀여 경읽기 아무리 중소기업이지만~^^;; 너무함 손절하려고 10프로 환불수수료내고 충전금액 환불함
383,384,2021년 2월 8일,5,도도하라,니콘내콘 너무 좋아요 기프티콘 구매 판매하는 일등 어플이에요 모두들 빨리 클릭해서 이용해보세요 짱이야
384,385,2020년 3월 26일,4,Google 사용자,정산금 신청할 수 있게 빨리 정산 해주시면 안되나요ㅠㅠ 판매 확정은 됐는데 정산금 신청하는데에 돈이 안들어와있네요 빨리 처리 해주시면 좋을거 같아요...!!ㅜㅜ
385,386,2021년 4월 7일,3,예니니,편리하고 좋아요~~ 가끔정산느릴때가 있긴하지만 그래도 쓸만해요~~
386,387,2021년 4월 7일,5,요마,기프티콘을 잘 쓰지 않아서 판매처가 필요했는데 니콘내콘으로 현금화에 유용하게 쓰고 있습니다.
387,388,2021년 3월 17일,5,우니행,사이즈랑 음료종류 상관없이 마실수 있어서 너무 좋아요 ㅠ 단지 음료 외 상품은 안된다는게 너무 아쉬운 점이에요!. 프랜차이즈 종류랑 할인율 많아지길 기대해 봅니당 ㅎ
388,389,2022년 7월 25일,5,온애랑,저렴하게 구매했어요.
389,390,2021년 7월 10일,5,진수최,"잘 썻었는데 폰은 홍미노트10으로 변경한 후에는 어플실행이 안되요.. 다시 지우고 해도 안되는데,, 어떻게해야 하나요ㅠ"
390,391,2020년 11월 22일,5,horihori,저렴한 가격으로 구매해서 내가 사용할 수도 있고 선물해도되고 너무 유용하네요
391,392,2020년 9월 16일,5,황연준,편리하고 좋습니다 문화상품권추가 해주시면 좋을거같네요
392,393,2021년 4월 1일,5,오세빈,정말 좋아요🤤🤤 근데 콘머니 충전 ㅠ 5000원단위말고. 좀 더 적게도 할 수 있게 해주세요.
393,394,2020년 8월 14일,5,so da,기프티콘 거래는 니콘내콘이 최고인거같아요 맘도 편하고 금액도 잘쳐주고!
394,395,2021년 4월 7일,5,유홍글씨,다이어트기간에 받은 치킨기프티콘을 쓸 수 없어 걱정하던 와중에 니콘내콘으로 돈으로 교환해서 닭가슴살로 사먹을 수 있었습니다!!
395,396,2021년 3월 10일,1,강다연,업데이트한이후로 앱자체가실행이안되고 계속꺼져요
396,397,2022년 1월 14일,1,김다빈,로그인 안되는데 손 안보시나 ㅡㅡ; 케이크 결제해야하는데 로그인 안돼서 다시 카드결제 했잖아요
397,398,2021년 4월 7일,5,김규린,판매하기 구매하기 모두 편하고 손쉽게 할 수 있어서 좋아요~
398,399,2022년 6월 10일,1,hirini HAN,사용불가매장을 구매자가 알아서 알아보고 사용해야함 경쟁어플은 사용불가매장이 명시되어있음
399,400,2021년 4월 6일,5,장훈,편리하게 잘이용하고있어요 상담사 분들도 친절하시공 ~~
400,401,2022년 3월 1일,5,sunny lee,결제가 편리하네요 쿠폰정렬기능이 있으면 좋겠어요
401,402,2020년 6월 29일,5,아무거나,너무 좋아용 싸고 빠르게 구매할수있어서 편한거 같아요
402,403,2022년 5월 13일,1,김성준,판매하는게 기프티스타보다 불편하네요 보류도 많고 가격도 많이 후려치고 별로인거 본인은 모르나?
403,404,2021년 2월 10일,5,치킨너겟,항상 잘쓰고있습니다. 매번 팔고 만 있지만 잘 쓰고 있어요
404,405,2021년 3월 17일,5,전재웅,빠르게 판매가능하고 구매는 더 빠르게 가능해요~
405,406,2021년 7월 3일,1,홍지윤,핸드폰바꾸고 다시들어가려니 아예 사이트접속자체가 안되네요 결제 된것도 있는데 이러다 날짜 지나고 쌩돈만날리겠어요
406,407,2021년 12월 11일,4,Seungwon Ju,요즘 잘 사용하는 니콘 내 콘 그러다 보니 드디어 사기 한방 당하네요... 키프트콘이 아니라 할일권을.. 하... 확인좀 잘 해주세요!!
407,408,2020년 9월 8일,5,650 step,이런 좋은 어플이 있었는지 몰랐는데 우리카드 통해서 알게 됐네요. 사고 싶은거 싸게 사고 필요없는 기프티콘 팔아서 돈 생기고 일석이조입니다.^^
408,409,2021년 3월 17일,5,Kang Min Lee,자주이용하는 매장의 상품을 싸게 이용이 가능해서 좋아요.
409,410,2020년 2월 21일,1,Google 사용자,"이미 사용한 쿠폰이라고 나와서 환불요청하니까 판매자에게 확인한다고만 하고 안해줘요,, 진짜 어이없음 백원 이백원도 아니고 2만원이 넘는돈인데 너무함 이런식으로 운영하면 누가 이용해여? 랜덤으로 사기당하는데"
410,411,2022년 1월 28일,3,하구비,좋긴한데 충전을 원하는 만큼 못하구 5000원1만원 이렇게 딱딱 할수 있어서 불편해요 원하는 금액 충전 가능하게 개편했으면 좋겠네여
411,412,2020년 9월 13일,3,남자한종연,판매하기 오류 판매하기 누르면 계속 로딩만하고 안넘어가요 앱을 재설치해도 그러네요
412,413,2020년 12월 12일,5,장동원,땡처리에 유용한 쿠폰도 많고 매입신청도 가능해서 좋아요
413,414,2021년 6월 19일,5,하나둘서이너이,이래저래 사용안하는 기프트콘 전에는 쓰지도못하고 그냥 소멸됐었는데 아깝네요 ㅜ이거 알고서 이번달에만 3만원이상 현금화 시켰어요 스벅Tall 기프트콘 매입가 자꾸 떨어져서 속상하지만 3천원 밑으로 떨구지만 말아주세요~
414,415,2020년 10월 21일,5,오빠나뭐달라진거없어?,안쓰는 기프티콘 판매하면 처음엔 원가 생각하면 손해인 듯 하나.. 억지로 먹거나 날리면 0원인데 모으면 소소하지만 즐겁더라구요. 모아서 먹고싶은거 먹는데 사용해요.
415,416,2020년 11월 19일,5,손미선,사용하기도 편하고 바로바로 판매되서 너무 좋아요
416,417,2022년 5월 28일,4,Seunghwan Rho,100원단위로도 충전 되게해주세요
417,418,2020년 4월 24일,1,Google 사용자,정말 별 1개도 아까울 정도로 짜증나네요. 아니 계속 인증하라고 하시면 계속 해야합니까? 인증하다가 30분 지난거 같네요. 정말 못 쓰겠습니다.
418,419,2022년 1월 15일,5,happy happy,처음으로 사용했는데 약간의 우려가 깨끗이 날아가네요 저렴하게 구입해서 맛있게 먹었어요
419,420,2020년 9월 12일,1,김주아,쿠폰 결제 했는데 갑자기 결제가 진행되지 않았다네요. 돈은 결제됐는데..쿠폰은 없고..
420,421,2021년 4월 7일,5,곽쩡이,빠른 처리가 너무좋아요 더 다양한 품목이 생겼으면좋겠어요
421,422,2020년 9월 14일,5,최한결,환불도 빠르게 해주시고 직원분들이 친절하고 좋아요 !!
422,423,2021년 11월 8일,5,Heeyoung Woo,어제 쿠폰 사서 맛있는 투썸 케익 사먹었어요. 잊지 않고 사용처리 눌렀어요. 종종 이용할께요~
423,424,2021년 4월 7일,5,박희주,판매하기 등록도 쉽고 리뷰가 되면 바로 앱푸쉬가 와서 편리해요! 리뷰도 빨라서 좋습니다
424,425,2021년 3월 17일,4,Nicky Yoo,필요시 잘 구매하여 사용하고 있습니다. 앞으로도 자주 이용할 예정입니다.
425,426,2021년 3월 17일,5,금정호,자주 애용합니다. 앞으로도 다양한 상품 올려주세요~
426,427,2022년 5월 11일,3,2구구,제가 쿠폰을 사고 구매를 했는데 엏마가 남았는지 어디서 볼 수 있는지를 모르겠어요. 얼마 남았는지 어디서 보죠?
427,428,2021년 4월 7일,5,Juyeon Park,니콘 내콘 어플 직관적이고 심플해서 사용하기 좋아요♡♡ 화이팅 !!
428,429,2021년 4월 7일,5,하투맘87,너무 좋아요!! 사용한지 몇달됐는데 이제 이거만 써요^^ 팔기도 좋고 사기도 좋고~~ 대만족입니다♥
429,430,2022년 2월 1일,1,안지영,야 베스킨쿠폰 해피오더 사용가능한지 확인하고 구매할수있게해라. 몇번째 속아서 사는건지 모르겠네. 선택권을 줘야지 그거 표기하는게 그리어렵냐?개짜증나네 개양아치들
430,431,2021년 3월 17일,5,한재훈,간편하고 저렴하게 구매할수 있어서 좋네요 ㅎㅎ 강추!
431,432,2021년 9월 2일,5,김보려니,저렴하게모바일상품권을구입^^/ 쓰기편하게~굿굿굿
432,433,2021년 3월 17일,5,JinJom Lee,가격저렴해서 좋아요 취소가 안되서 가끔 아쉬워요~
433,434,2020년 11월 3일,5,블랙로즈,쓰지않는 깊티도 팔고 돈도 벌고 일석이조 네요. 깊티도 빨리 잘 팔리고 알람까지 오니 좋아요
434,435,2020년 10월 15일,5,갓네오,저렴한 가격에 필요한걸 찾을 수 있어서 좋아요
435,436,2022년 1월 3일,5,아침햇살,처음에는 몰라서 반신반의했는데 팔기 좋고 사기 좋고 믿고 안전하고 확실함. 사랑합니다.
436,437,2021년 4월 7일,5,M Z,기프티콘 사고 팔기 너무 쉽고 편해서 자주 이용해요
437,438,2021년 9월 21일,1,je h,기프티콘사서 쓰려는데 이미 사용해서 사용불가라고 떠요. 신고접수하려고 하니까 23일 오전 10시부터 된대요. 이미 쓴 상품은 다른 사람이 구매하지 못하도록 조치해야지 이게 뭐에요. 이번에 산거 환불받고 다시는 이거 안 쓸거에요. 즐거운 추석 다 망쳤네요^^
438,439,2020년 11월 3일,5,라솔파파,"엄청 잘 이용하고 있어요~ 좋아요~~♡싸게 사고, 필요없는 쿠폰 팔 수있고♡"
439,440,2022년 4월 14일,5,Google 사용자,저렴하게 이용할 수 있어 좋아요
440,441,2021년 12월 18일,5,랄라랜드,좋은 어플입니다. 다만 통신사 할인되는 경우는 꼭 10%이상되는걸로 구매하셔야 이익입니다.
441,442,2021년 4월 7일,5,이희영,기프티콘 판매나 구매를 할때 저렴하면서 판매할때도 좋은 금액으로 판매할수있어서 좋아요~~
442,443,2021년 11월 15일,5,이도영,니콘내콘 좋아요^^ 이벤트 당첨되서 사용하는데 기픈티콘 가격중에 Top이네요^^
443,444,2021년 4월 7일,5,차영빈,약간의 돈도 출금할수있어서 좋은거같아요 기프티콘도 싸게 구매할수있고요
444,445,2021년 3월 17일,5,이현학,완전좋아요..스타벅스 벤티사이즈 먹는데 최적화네요..!! 진짜 좋아요! 강력추천!!
445,446,2021년 12월 12일,1,오염,뭐임... 당장 처리해야 하는 기프티콘이 있는데 이미 매입중인 상품이 많다고 해서 판매를 못함......
446,447,2021년 4월 7일,5,김종민,아주 잘 쓰고 있습니다! 기프티콘 갯수가 더 많아지면 좋겠어요!
447,448,2021년 4월 6일,5,김현승,요새 알게되어 잘 사용하고 있습니다 앞으로도 잘 사용할꺼 같습니다
448,449,2021년 4월 17일,5,양민철,쿠폰 할인하여 잘 사용하고 있어요. 너무 편하고 좋네요
449,450,2021년 2월 20일,5,데빌,처음 써봤는데 정말 다양하고 편리하네요.. 정말 좋아요!!
450,451,2021년 6월 9일,4,곽제민,판매회원인증에서 본인인증 한번 하고나서 에러나고 튕기더니 다시하니까 이미 판매회원으로 가입되어있다는데 이후로 계좌정보등록 클릭도 안되고 아무것도 안되네요. 무슨상황일까요?
451,452,2020년 11월 3일,5,안미란,기프티콘 구매 및 판매에 큰 도움이되네요 카페를 통해 알게 됬는데 지인분들께 추천하고 싶어요
452,453,2021년 5월 18일,3,Just man,다 좋은데 갑자기 구매 오류라하면서 구매가 안되서 화나서 지움 그리고 다시깔았는데 카드등록도 안됨
453,454,2020년 9월 12일,1,권수빈,기프티콘을 사서 쓰려고 하니까 이미 사용되었다고 나오네요.심지어 환불요청한지 일주일이 다 되어도 돈을 환불 안해주네요.
454,455,2021년 4월 7일,4,Tony Stark,취급하는 기프티콘이 다양해졌으면 좋겠네요.
455,456,2022년 2월 2일,1,경성현,잘 쓰고있는데 오늘 주문하다가 중간에 오류가 났는데 돈만 빠져나가고 구매내역에 주문서작성이라 되어있었다가 사라지고 기프티콘이 다시 파는쪽에 나왔는데 돈은 환불이 안되네요 취소가 된건가요? 아니면 돈 다시 찾을방법 없을까요?
456,457,2020년 2월 9일,1,Google 사용자,기프티콘 구매했는데 이미 사용된 기프티콘이라고 합니다 심지어 주말이라 환불 문의도 안되네요 빨리 해결해주셨으면 합니다
457,458,2020년 8월 31일,5,우주,사용하기 편리해요 요즘 시대에 꼭 필요한 어플이에요
458,459,2021년 4월 7일,5,김영선,편리하게 구매 편리하게판매 해서 좋아요
459,460,2021년 2월 17일,3,duddns tla,아니...갑자기 결제가 시간이 지나도 안 되는 현상이 발생하는데...왜 이런 거죠? 지웠다 깔아도 그러고
460,461,2021년 4월 7일,5,권한나,가장 정확하고 빠르고 투명한 기프티거래앱
461,462,2020년 8월 13일,5,김동훈,불필요한 기프티콘 편하게 팔 수 있어서 너무 좋아요!! 이걸 왜 지금에야 알았는지 후회스럽네요..
462,463,2021년 7월 6일,1,koreahi coco,최악이네요! 문자로 판매자인증을 했는데도 계속 무한루프로 인증하라고 뜹니다. 최악ㅜ
463,464,2020년 9월 11일,5,신지원,좋아요 기프티콘도 타업체보다 빨리팔리고 출금이늦기는하나 판매금액도 좀더높더라구요 그래서 계속이용즁이예요
464,465,2020년 5월 9일,1,Lee HoSeop,리뷰 처음써보네요.별한개도 아까워요. 중복 구매 유도에 모든걸 이용자 탓으로 돌립니다. 앱자체가 미완성이고 업체 대응도 최악입니다. 몇천원 아끼려다가 기분만 잡쳤습니다.
465,466,2021년 2월 4일,5,DDOCHI ROOM,판매가 참 빨라서 좋아요. 가입절차도 간편합니다.
466,467,2021년 5월 28일,1,항덕이,아직도 쿠폰으로 사기치는 놈들이 있네요 쿠폰 판매하고 돈만 받고 취소해서 사용도 못하는데 환불은 1주일 넘게 기다려도 안해주고 바코드 안찍혀서 돈날린적도 몇번있네요 여러분 니콘내콘 이용하지마세요 난 몇푼안돼는 돈으로 사기치는것이 더 어이가없고 화가나네요 경찰서에 사기로 신고 들어갈게요
467,468,2021년 7월 20일,5,DOLM Lee,잘쓰고있었는데 갑자기 어플에 안들어가지네요 삭제후 재설치해도 안되요
468,469,2021년 4월 7일,5,김재철,다른플랫폼과 다르게 너무나 빠르게 쿠폰을 구매하고 저렴하게 팔아서 기프트콘 매도와매수는 여기만 이용해요
469,470,2021년 6월 21일,1,seulll s,카카오체크카드로 결제하려하는데 계속 튕겨서 구매하려다...화나서 언해요... 앱개발좀...하셔야할것 갗아여^^
470,471,2021년 8월 27일,2,무릉도원공포심극복,"사용이 어려워요. 8, 9일 양평역점에서 gs편의점에서 사용법을 잘 몰라 츄파츕스180원 취소했는데 결제가 됐어요. 어느 지점인지 확실히 알려주세요. 제품 가져오지도 않았어요. 상담하는 곳도 없고 속터져 죽어요. 쳇봇은 무슨 말인지 못 알아듣겠다고 하고. 오늘에야 여기가 생각났어요. 으이그 답답해!"
471,472,2020년 8월 12일,5,He Yo,선물받았지만 필요없는 기프티콘 팔고 내가 필요한 기프티콘 저렴히 팔고 참 좋네요!^♡^
472,473,2021년 2월 24일,3,김수경,마지막에결제가지연되면서..구입을못하고있는데요 새로깔아도똑같습니다 어떻게해야할지ㅜㅜ
473,474,2021년 4월 7일,5,이승희,잘사용하고 있어요 빨리빨리 진행되서 좋아요~~^^
474,475,2021년 10월 29일,5,리장미,할인된 가격으로 구매해서 편리하고 좋아요.
475,476,2021년 7월 13일,1,Eh,엥 앱 실행이 안되네요~ 자꾸 다운됩니다. 리뷰 보니 저만의 케이스가 아닌 것 같네요...
476,477,2021년 3월 17일,5,일상주부,급하게 저렴한 기프티콘을찾고싶을때 선물하고싶은데 좀더 할인받고싶을때 선물받은 기프티콘이 필요없어 판매하고싶을때 애용해요ㅎㅎ 짱이에요^^
477,478,2021년 8월 30일,5,류연탁,UI도 심플하고 혜택도 좋네요~
478,479,2021년 6월 19일,2,1600홍,앱실행이 며칠째 되지않아요ㅠㅠ 세번 삭제하고 깔았는데도 안되네요..
479,480,2021년 10월 22일,5,러버덕,항상 사용하는 어플! 덕분에 싸게싸게 사먹습니다!
480,481,2021년 10월 28일,5,안미영,너무 좋은 앱이네요 기프티콘 싸게 구입해서 좋아요 ^^
481,482,2021년 2월 18일,1,강조화,쿠폰오류 났었는데 채팅창에 자동응답만 하고있네요 채팅창 몇개만들어놓고는 이리 미루고 저리 미루고 몇천원으로 사람 긁는 어플입니다 바로삭제했구요
482,483,2021년 4월 7일,5,임세영,니콘내콘 이용하기 쉽고 편리해요 좋아요♡♡
483,484,2021년 4월 7일,3,김은임,결재하고 쿠폰 사용하려고 하니 이미 사용된 쿠폰으로 나오네요. 앱이 불안정한 면이 있는 것 같습니다
484,485,2021년 3월 17일,5,정진래,실속있게 간단히 구매해서 사용하기 좋아요^^
485,486,2021년 10월 25일,1,딸기맘샹훼,유선 연락 절때 안되고 카톡도 지들 대답 필요할때만 답하고 환불 안되고 재판매도 안되고 어이없음
486,487,2020년 10월 24일,5,치즈,"안쓰는 기프티콘을 판매할 수 있어 좋고, 기프티콘을 할인된 금액에 구매할 수 있어 좋은 앱입니다👍"
487,488,2021년 5월 10일,1,김닐니리맘보,구매 후에 꼭 확인해야합니다. 조회가 안되는 쿠폰도 있습니다. 쓰라고 누구 줬다가 개망신 당했습니다. 절대 믿지말고 꼭 확인하셔야합니다. 구매할 때 마다 불안감을 가지느니 구매를 안하는게 나은가 싶기도..그런 생각이 드네요.
488,489,2021년 2월 26일,2,마들렌,올리는것 마다 반려되서 물건많다고 안된다고하고 올라와있는 쿠폰도 얼마없음..
489,490,2020년 3월 2일,2,Google 사용자,"개인간 미사용 기프티콘을 수수료를 받으면서 중계한다는점은 신선하나, 환불 기간연장 정책이 불투명하고 불가한경우가 많아 전반적으로 당장사용할게 아니라면 비추."
490,491,2021년 5월 20일,4,정인해,사진 저장버튼도 있으면 좋겠습니다!
491,492,2021년 2월 16일,5,된장님이만든원장찌개,같은 가격의 기프티콘를 싸게 살 수 있어서 좋아요
492,493,2021년 4월 7일,5,kindakuda,깔끔한 UI와 사용방식. 리뷰도 빨라서 좋아요.
493,494,2020년 9월 11일,2,조준환,충전을 하였는데 충전실패라면서 돈만 빠져나갔습니다 환불해주세요
494,495,2021년 4월 20일,5,쿠기리,편하고좋네요 중고나라 찾지않아도되요
495,496,2021년 2월 26일,5,김지우,깊콘 모두 다 할인해서 살수있어서 좋아요 편하게 잘 쓸거같아요😊
496,497,2020년 9월 30일,3,강종철,리뷰승인이나 반려됐을때 알림이 너무 자주 안와요
497,498,2020년 4월 26일,1,Google 사용자,어플 잘쓰고있는데 갑자기 왜 구매후에 무한로딩만되죠 ? 결제는이미됐는데 ㅡㅡ 확인해주세요
498,499,2021년 3월 29일,1,dutae min,"10,100원 쿠폰을 37%할인하여 6,400원에 팔길래 구매 후 실제 매장에서 사용하려고 보니 5,500원 쿠폰이라고 합니다. 검수를 하긴 하는 건가요? 5,500원 짜리를 10,100원 짜리 37%할인을 해서 6,400원에 파는게 맞는가요? 제가 단순변심을 한 건가요? 아니면 속은 건가요? 니콘내콘은 이 둘을 구별 못 하는 것 같습니다. 실제 쿠폰가액을 모르는 소비자들은 매장가서 실제 사용할 때 비로소 알 수 있습니다. 오늘 카톡으로 1:1상담통해 환불요청했는데 환불이 불가하다고 합니다. 이 어플을 사용하시려는 소비자 분들은 이 점 꼭 유념하시기 바랍니다. 돈 몇 푼이 문제가 아닙니다. 저에게 900원 손해가 무슨 소용이 있겠습니까. 환불받을 마음은 없어졌습니다. 다만 저 같은 피해자는 더 생기지 않도록 저 나름으로 노력해보겠습니다."
499,500,2021년 2월 6일,1,별링,판매하려고 할 때 사진을 고르면 바로 튕깁니다
500,501,2021년 7월 15일,3,이시원,뒤로가기 하면 앱 종료되는 버그 있어요
501,502,2021년 4월 7일,5,SJ JO,여기저기서 받은 모바일 상품권들을 현금으로 바꿀 수 있어서 만족합니다.
502,503,2020년 8월 10일,5,나정인,필요없는 기프티콘 팔고 필요한 기프티콘 싸게 사서 너무 좋네요
503,504,2021년 4월 7일,5,EY KIM,간식 살때 아주 좋습니다 잘 이용하고 있어요
504,505,2020년 9월 11일,4,DO,아 뭐예요. 국민카드 결제 안되는거 나만 몰랐어요? 계속 결제중이라는 창만 뜨길래 고객센터 갈라했는데 전북카드는 결제 되넼ㅋㅋ 미리 공지해주면 별5개드림 흥
505,506,2019년 8월 9일,1,Google 사용자,카톡 고객센터 왜 답변을 안해줘요? 물어본지 30분이 지났고 6시는 다가오는데. 그래서 전화 고객센터로 전화하는데 전화도 계속안받고  걍 끊나요 여기 망했나요??
506,507,2021년 8월 2일,5,vividb lee,저렴하게 잘 사용했어요~ 기간도 많이 남았어요^^
507,508,2021년 2월 23일,1,장수,리셀링된쿠폰을 판매하실거면요 이미썻던쿠폰을 니콘내콘에서 구입하여 다시 사람들에게 판매하는구조인데 제가 이틀전에 이미사용된쿠폰이엿다고 고객센터에서 제출하라는 내용 전부다 제출하고 언제어디서쓰엿는지까지 자세히 말하였는데 이걸 처리하는데 2일이나걸리나요?고객센터답변도 불성실하고 리셀링제품을 판매하시는거면 이미사용된쿠폰을 판매하였을때 바로바로환불해주는게 정상이라고생각하네요 어떤절차가필요한지 2~3일이소요된다는건 귀찮아서 미루겟다는 말이네요
508,509,2021년 11월 1일,5,꽁쥐,결재후바로사용 굿 돋보기가 안되네요 바코드인식했지만불안했음
509,510,2019년 3월 29일,5,Google 사용자,사용 안하는 기프티콘 차곡차곡 모아서 니콘내콘에 팔고 있어요 검수후에 입금신청하면 5시 전에 입금해줘서 좋아요 가끔 매입물량이 많어서 검수가 늦어 지긴 하지만 이만한 앱은 없다고 생각합니다
510,511,2021년 8월 10일,5,김민준,너무 좋아요 브랜드가 더 다양해지면 좋겠어요!
511,512,2021년 4월 6일,5,유지해오늘도,저렴하게 카페 이용할수있어서 아주 만족이요
512,513,2021년 3월 25일,1,리리,판매해서 오늘 정산신청했는데. 초기화됐다고 알람오고 판매내역엔 아무것고 없네요;;; 얼른 복구해주세요
513,514,2021년 6월 26일,4,정헌수,카페 같은 곳에서 더 저렴하게 먹고 즐길 수 있어서 좋은 것 같습니다.
514,515,2022년 1월 19일,1,검정망토차차,로그인 왜안되나 갑자기왜이래요?. 저번에판매한거 출금신청도안햇는데 아 짜증나. 로그인해놧엇는데 로그아웃됐네
515,516,2021년 4월 6일,5,이선영,"내게 필요없는 쿠폰은 팔고, 필요한 쿠폰은 저렴히 구매하는 아주 유용한 앱입니다^^"
516,517,2020년 12월 15일,5,안경남,많은 상품이 있어좋고 많이 할인되어서 좋아요!
517,518,2021년 4월 7일,5,one kkang,간편하게 기프티콘 사고팔수있어서 너무 좋아요 ❤
518,519,2021년 7월 21일,1,김신희,"쿠폰을 구입후 사용했는지 안했는지 몰랄요. 사용햇으면 본인이 사용한거라고 손으로 직접 입력해야 되는데, 내가 기억이 안나면 어떻게 할거에요?"
519,520,2020년 11월 3일,5,김재견,항상 도움 받고 있어요..... 빠른 처리가 좋아요....
520,521,2021년 7월 15일,5,곽노흥,"싸게 사먹을수있고, 남는 기프트콘은 현금화할수있어 좋아요. 최곱니다!!"
521,522,2021년 8월 3일,1,kyung kim,본인인증 화면이 하얗게 나와서 사용조차 못함.
522,523,2021년 6월 9일,4,이명심,3번이나 다시깔아봤는데 어플접속이 안되고있네요 왜그런가요?
523,524,2021년 12월 15일,1,O Ou,상품권 등록한다고 상품권 앱까지 깔았는데 수수료때문에 금액초과로 결제조차 안되는게불편해요
524,525,2020년 8월 11일,5,아잉,니콘내콘 친근하구 넘나 좋아요 사고팔고 금방 거래할수있고 짱짱 자주이용할께요 ♥ 헤헷 번창하세용
525,526,2020년 9월 2일,5,박현하,편라하게 주고받을수 있는 제게 가장 필요한 최애템 어플이에요
526,527,2021년 4월 7일,5,봄봄,저렴하게 잘사서 잘사용하고 있어요
527,528,2021년 7월 10일,1,Lee Julia,앱 오류인지 계속 접속이 안되네요 ..;;튕깁니다 해결책을 알려주심 감사하겠습니다;;;
528,529,2021년 10월 8일,1,Christine Na,고객센터체계가이상함/사용완료인쿠폰이많음/완료쿠폰확인하는데오래걸림/팔라*어플쓰는게더나을듯/
529,530,2021년 9월 4일,5,성광연,저렴하게 구입할수있고 매우만족스러워요
530,531,2021년 4월 26일,1,SOONMI PARK,신한카드 결제시 일발결제를 선택해도 스마트결제 화면이 나옵니다. 캡쳐해서 고객센터에 문의하니 카드사측에 문의해야 한대서 카드사에 문의하니 카드사는 모른다네요 Pg사나 어플쪽에서 처리하는게 맞는것 같은데 여튼 결제문제 때문에 이용하기가 승질나네요
531,532,2022년 4월 12일,1,현주이,유효기간이 2개월이나 남았는데 유효기간이 짧다고 반려해요. 사람 차별해가면서 사는건가요?
532,533,2019년 3월 28일,5,Google 사용자,안드로이드앱이 출시되어 편리하네요
533,534,2021년 3월 5일,5,잉여귤,구매보다는 주로 판매를 하는 편인데 남는 기프티콘으로 용돈벌이하기 좋아용~
534,535,2021년 6월 26일,5,좋은일만가즈아,판매할 때 제일 가격 많이 쳐줍니다
535,536,2020년 8월 19일,3,까칠한 ssong,로그인이 안돼요ㅠ 모든로그인이 막혔어요
536,537,2020년 10월 8일,5,J Y,좋아용 커피를 좋아하는데 그때마다 사먹을때 좋은거 같습니당!!
537,538,2021년 4월 7일,5,미도기,이런 앱이 있으니 안전하게 잘거래되고 짱좋아요 ㅠㅠ짱짱
538,539,2021년 4월 27일,5,주영재,여러모로 할인받아 매우유용하게 잘 사용하고 있습니다.
539,540,2020년 8월 14일,5,강영현,안전하고 신뢰성있는 프리마켓이네요
540,541,2022년 5월 14일,5,HG Kim,카드결제도 되니 좋네요 ㅎㅎ
541,542,2021년 3월 17일,5,수리미,결제도 편하고 종류도 많아서 좋아요!
542,543,2020년 7월 27일,1,Yoonjoo Lee,쿠폰 구매했는데 이미 사용된 쿠폰이라네요.... 이런 판매자는 거를 수 있는 기능이 있었으면 하네요....
543,544,2021년 5월 18일,1,차정훈,고객센터 답변없고 어플리케이션도 인증자체가안됨
544,545,2020년 10월 19일,5,Livat E,타사 업데이트 이후 답답해서 니콘내콘을 설치했는데 훨씬 편하네요
545,546,2021년 3월 17일,4,남별 사랑,가격 합리적이고 좋습니다.
546,547,2020년 2월 9일,1,Google 사용자,죄다 사용 불가능 쿠폰인데 환불도 안되네 ㅋㅋㅋㅋㅋㅋ 뭐하자는걸까 1점도 아깝네요 ^^
547,548,2021년 12월 22일,3,진진,다른건 괜찮은데 정산이 너무 오래걸려요 ㅜㅜㅜ 출금까지 시간이 몇일은 기다려야하네요
548,549,2020년 10월 13일,4,용규,원하는 기프티콘을 정가보다 싸게 살 수 있어서 좋아요
549,550,2021년 3월 17일,5,내일이없는사람,"기프티콘 판매, 구매가 편리해서 좋아요. 커피를 안 마셔서 커피쿠폰이 들어와도 처치곤란이었는데 편하게 용돈벌이할 수 있어서 좋아요~"
550,551,2022년 7월 20일,5,이진행,"처음으로 써봤는데, 좋아요"
551,552,2021년 4월 7일,5,데이민,"최고의 기프티콘 판매,구매 어플입니다 사용하기에도 편하고 판매대금도 잘 들어와요"
552,553,2021년 12월 10일,5,김미아,저렴한 가격에 구매할 수 있어 좋아요
553,554,2021년 5월 20일,4,lilli ly,판매하려고 하는데 쿠폰 추가 버튼이 안눌려요
554,555,2021년 8월 30일,5,겸시홀리,예랑가랑님보고 설치했는데 너무 좋은거 같아요! 좋은앱 만들어 주셔서 감서합니다(*´ ˘ `*)
555,556,2021년 3월 11일,3,김현경,업데이트했는데 왜 안열리고 자꾸 꺼지나요? 갑자기 앱에 들어갈수도 없네요
556,557,2021년 4월 17일,5,정준영,저렴한 가격에 커피나 치킨등을 먹을 수 있는게 좋네요!
557,558,2020년 11월 16일,5,노을,"매일매일 맛있고 싼 음식을 살수있어서 너무 좋아요₍₍ ( ๑॔˃̶◡˂̶๑॓)◞♡⁰매일매일 잘쓰겠습니당ヾ(๑╹◡╹)ﾉ""₊·*◟(⌯ˇ- ˇ⌯)◜‧*･"
558,559,2022년 4월 6일,3,jo jojo,지금 판매금 정산받아서 출금하려고하니 출금실패라고 뜹니다 해결해주세요
559,560,2020년 4월 23일,1,Google 사용자,최악이에요 서버렉 때문에 중복구매되고 gs 김치사발면을 사야되는데 헷갈리게 해놔서 모르고 세븐 김치사발면 2개 구매했는데 8군데 돌아다녀도 없어서 환불 해달라니까 절대 안된다네요 이기적이네요 ㅡㅡ 렉쩔고 환불도 절대 안해주니 신중히 구매하세요 이기적인 어플이에요
560,561,2020년 7월 1일,5,윤나형나만봐,수량 구매와 상품재고량 확인되었으면 의견드리며 키워드 알림또는 즐겨찾기 상품 입고알림 정말 유용할것 같아요
561,562,2021년 6월 16일,3,Hongjoon Kal,아직 취급하지 않는쿠폰이라며 반려당했음 웃기는게 그럴거면 애초에 없는 쿠폰취급 등록을 만들지를 말던가 등록해봤자 다 반려~
562,563,2022년 7월 2일,1,KUNN MU,이제 판매불가한가죠?
563,564,2022년 6월 18일,5,Eunkyoung Jeon,저렴하게잘샀어요
564,565,2021년 10월 12일,5,양양양,바로사용할수 있어 너무 좋아요~~
565,566,2021년 4월 22일,5,김소이,사용간편 할인률 높아 만족합니다
566,567,2021년 9월 3일,1,Yechan,유효기간 임박해서 싸게 내놓은 상품권 결제해서 구매했는데 이미 다 사용해서 폐기된 바우처를 판매해놓고 다른 상품권으로 교환해달라니까 처리 기간도 무슨 최대 영업일 기준 3일 소요? 그동안 상품권 유효기간이 다 지나고 ㅋㅋ 최악이다 정말
567,568,2020년 8월 10일,5,정승윤,기프티콘 팔아서 돈 모으고 필요할 땐 저렴하게 구매할 수 있어서 좋아요
568,569,2021년 2월 26일,4,aia aua,가입하려고하니 카톡으로 온 인증번호 4자리를 입력했더니 6자리 입력하라고..하더라구요..? 이슈등록하고 고쳐주세요 결국 저는 그냥 카카오톡 가입하기로했네요..
569,570,2022년 2월 2일,5,전태수,저렴한 가격으로 이용가능해요~
570,571,2022년 5월 1일,5,파워댕댕이,사기도 좋도 팔기도 좋음
571,572,2022년 4월 2일,5,지나감,쓰는사람이.더 늘어났ㅇ면~~
572,573,2022년 5월 15일,1,유믿음,왜 미성년자는 못팔아요?..계좌도 있고 다 있는데 왜 못파는지...
573,574,2022년 4월 7일,5,Musashi,이거 덕에 맘스터치 에멘탈 세트 먹을때 몇백원씩 싸게먹음
574,575,2022년 3월 6일,4,이혜연,저렴하게 잘 마셨습니다.
575,576,2022년 4월 28일,5,ltcm lp,첫구매했어요. 좋아요!
576,577,2022년 5월 2일,5,백수진,완전 좋아요
577,578,2021년 4월 7일,5,이미영,내옆엔 항상 니콘내콘~ 기프티콘 사고팔기 넘 편하고 좋아요~^^
578,579,2022년 2월 11일,1,이현미,유통기한 한달도 안되는 상품으로 환불및 기간연장도 불가한 상품판매 합니다 잘확인해보시고 구매하세요 사기꾼 회사입니다
579,580,2021년 2월 3일,5,이승현,안쓰는 기프티콘 팔수있는점이 좋은것 같아요~~
580,581,2021년 5월 17일,5,재원,기프티콘을 저렴하게 사고팔수있어서 좋았어요
581,582,2021년 5월 9일,5,신지현,좋아요.. 저렴하게 잘 구입해서 사용했습니다.
582,583,2021년 7월 29일,5,박초희,이런유용한 어플이 있는줄 진작 알았으면 좋았을거~
583,584,2022년 6월 6일,5,대구버스터미널,돈 1000원 아꼇다
584,585,2021년 5월 19일,1,ksel w,이딴 앱 쓰지 마세요 제발.. 그냥 사기꾼들입니다 뽑기운이 좋으시면 이득이시겠지만 대부분의 쿠폰이 사용이 안됩니다. 문의를 해도 매크로식 답변이고 남의 돈 쉽게 보는 사기꾼놈들입니다. 제발 쓰지 마세요
585,586,2022년 1월 24일,2,me친수박,2일이지났는데도 판매금이 정산금으로 전환이 안되네요
586,587,2021년 6월 30일,1,ᄋᄌᄒ,며칠전부터 갑자기 어플이 안켜져요
587,588,2022년 5월 4일,5,김민지,스벅 싸게먹어 좋아요
588,589,2021년 4월 5일,5,권유진,이거 일반 개인이 판매하는 기프티콘인가요? 아니면 니콘내콘에서 직접 판매하는 건가요 기프티콘 사용한걸 파는건 아니죠? 믿고 사도 되는거죠?
589,590,2021년 2월 5일,1,rosena kim,예랑가랑 유튭 홍보 보고왔는데 이리 좋을리가 와 진심 좋은어플 인것 같아요
590,591,2020년 12월 29일,5,기본부터ABC,지인 추천으로 알게된 앱인데 생각보다 할인율이 높아서 깜짝 놀랐음
591,592,2020년 7월 14일,1,Tkwns Dk,첫구매네 이미 사용된쿠폰발행 ~줄길게섰으면 빡쳤을거같어요
592,593,2021년 10월 14일,1,_세은,"정상적이지 않은 쿠폰을 매입하여 판매해놓고 사용이 안되니 구매자측 책임으로 돌리네요; 편의점에서 니콘내콘에서 구매한 쿠폰 사용이 안되는 것을 쿠폰 구매자가 편의점 본사로 상담하라는 건 무슨 경우입니까? 상담 답변도 하루이틀 지나서 대답할 뿐더러 말투도 정말 띠껍구요. 최악의 고객대응과 마인드에 경악합니다. 기분 진짜 상하구요; 사용 안되는 쿠폰 구매한 제 잘못인가요? 구매시 포스기 내역, 구매 영수증 내역을 찍어 보내라네요 ㅋㅋ 고작 1600원 때문에 3~4일 걸려 기분 나쁘게 상담하고 저런 사진까지 알바생에게 양해 부탁해서 찍어야 합니까? ㅋㅋ 이딴 식으로 운영하지 마세요."
593,594,2021년 3월 17일,5,김병준,이렇게 유용하고 좋은 앱이 있다니.대박입니다.^^
594,595,2021년 3월 1일,5,만두두우,진짜 다들 꼭 사용하세요 싸게 사고 좋아용! 혹시 반려당한 기프티콘은 그냥 써도 돼나요??!
595,596,2021년 5월 4일,3,박현수,카드 등록할때 200~499원 결제 때 이메일로 얼마 결제됐다고 알림이 안와요
596,597,2021년 5월 15일,1,토끼솔직,조회가안되는 키프티콘도있습니다. 평일에만상담이되서 평일될때까지 기다렸다가 문의넣으려구요..당황스럽고 망신당했어요..처음사는깊콘인데..너무 실망스러워요..
597,598,2021년 6월 26일,5,배재익,저렴하게 구입해서 좋습니다
598,599,2020년 9월 15일,5,브라이얼오르테가,필요없는 기프티콘 같은걸 혐금화할수 있어서 너무좋네요
599,600,2021년 3월 18일,5,김병진,고생하시네여^^짐다운받았으니지켜보게슴다^^♡♡♡☆@~#이아니길
600,601,2022년 1월 15일,5,이론상,개쩐다 나만알구싶어요 근데 미성년자는 쿠폰판매를 못하네요 아쉽지만 구매만해도 충분히 좋아요
601,602,2020년 12월 3일,1,ミンジェMarri,로그인하고 문자메세지 받을때 자꾸 강종되네요
602,603,2021년 4월 26일,1,선ᄌ,두번이나 이미 사용했다고 뜸ㅋㅋㅋㅋㅋ 평점 왜이리 높음?
603,604,2022년 1월 30일,5,한선우,저렴하게 기프티콘 구입할 수 있어서 좋아요
604,605,2021년 10월 3일,5,김상석,카드결재가 되어 좋아요 자주 사용하게 되네요...굿
605,606,2021년 4월 7일,5,불아리,물건도 잘팔리고 안사먹는 기프티콘을 팔아서 돈도벌고 구매자는 먹고싶은걸 싸게먹어서 서로 상부상조하니 좋은거같아요ㅎ 벌써 5개나 팔았네요 사용법도 편리하고 제가 써본데중 제일좋네요 강추~
606,607,2022년 3월 9일,1,김미은,"^^ 기프티콘 가치, 할인율 사기. 카페가격올랏으면 현재 가격대비해서 얼마인지 표기를해야져. 투썸 아메 4500원짜리 기프티콘 10프로 해서 4050에 삿는데 실제 카페에서는 4100원 가치라고 4100원밖에 효용이없는데 이게 사기지 뭐에요^^? 50원 아끼자고 이 서비스 이용한줄아세요? 장사이딴식으로하지마세요 진짜 ㅡㅡ 왜 사기치시는데요 진짜 첫이용 시험삼아해봣는데 첫시도부터 사기 당하고기분 아주 드럽습니다"
607,608,2022년 3월 4일,5,Katabura Ahabura,쓰기간편하고 무척쓸만합니다
608,609,2022년 2월 22일,2,pencil wizard,걀제방식을 간편하게 하면 안되나요? 아는 지인이 생일이어서 선물 살려고 하는데 아니 걸제를 할려고 하면은 별도의 앱을 깔아야한다는데 이게 말이 안되잖아요. 구매하는 입장에서 얼마나 번거로운지 아세요?
609,610,2020년 8월 11일,5,Teck10 Park,필요한 물건 구매나 판매할때 유용하게 쓰고있어요
610,611,2021년 11월 14일,4,파드마삼바바,기프티콘을 간편히 사고팔수 있어서 좋아요 어플 렉은 좀 있네요
611,612,2021년 2월 10일,5,이동욱,항상 잘이용하고 있습니다 사랑해요 니콘
612,613,2021년 11월 15일,4,Dawon Jung,쿠폰 저렴하게 구매해서 요긴하가 쓰네용 할인 더 팍팍원해요~~ㅋ
613,614,2022년 8월 6일,5,동요햇살,맛있게 잘먹었답니다
614,615,2021년 6월 9일,5,홍태리,굉장히 유용한 앱입니다. 잘 쓰고있어요!
615,616,2021년 4월 12일,2,이진우,혹시 기프티콘 판거는 정산금이 언제 들어오냐요 판매금은 뜨는데
616,617,2021년 5월 19일,1,Tooth Breaker,"여기에서 쿠폰번호 제대로 되어있지않아서 업체도착해서 고생한 적이 있음. 업체 유선연락도 안되고 상담도 불친절함. 자기들이 잘못했는데도 환불 안해주고 자꾸미룸. 겉으로만 미안하다고 하고, 이미 환불해줬으니 끝이라고 생각함. 앱도 이제 실행이 안됨.."
617,618,2021년 8월 9일,3,김강호,잘 사용하고 있는데 많이 튕기네요ㅠㅠ
618,619,2021년 9월 27일,4,misuk kim,할인해서 저렴하게 구입하니 좋네요
619,620,2021년 2월 28일,5,황효선,깔끔하고 쉽게 이용할 수 있어요.
620,621,2022년 2월 3일,1,노닥노작,판매취소가 안되어서 곤란해요 쿠폰판매걸어놓은 이후에는 상담챗봇을 통해서만 취소를 해야한다는 점이 곤란해요. 명절이 낀 경우 상담챗봇은 휴일이고 올려놓은 쿠폰은 취소되지않고. 명절 이후 물어보니 이미 팔린 건에 대해선 어쩔 수 없다고 하고. 곤란해요
621,622,2021년 11월 22일,5,Miso Park,잘 쓰고있어요 유용한 앱 만들어주셔서 감사합니다!
622,623,2021년 11월 14일,4,몰로토프,공차 브랜드가 판매처에는 있는데 혹시 깊티 구매는 못 하나요? 깊티 구매할 수 있는 카페 중에 공차 브랜드가 없네요...
623,624,2021년 4월 6일,4,JAE YOUNG JUNG,스타벅스 10~20% 가량 저렴하게 구매 가능해서 좋아요.
624,625,2021년 9월 20일,5,라새이,저렴하게 구입해서 사용할 수 있었어요!!
625,626,2019년 12월 2일,3,Google 사용자,판매금이 정산금 되는 기간이 따로 있는 건가요? 판매금으로 된지는 지났는데 정산금으로 안 들어와서요😧
626,627,2021년 9월 17일,5,이성열,사용해 보니깐 편하고 괜찮네요
627,628,2021년 10월 10일,5,jayoung kwon,좋아요 저렴하건 콘을 구매 할수 있어 넘 좋아요
628,629,2022년 8월 1일,1,아우라뉴스,4500짜리 깊티 3390원에사서 매장에서 사먹으려고 하니 3200원짜리네요... 좀...ㅋ
629,630,2022년 2월 11일,5,달다꿍,판매할때 브랜드 선택 후 해당상품없음 누르면 카테고리 미지정으로 나와서 판매를 못하고 있어요ㅠ
630,631,2022년 1월 14일,3,jiny kong,쿠폰 저렴하게 이용할 수 있어서 좋아요. 근데 앱이 불안정해요
631,632,2022년 2월 4일,4,김주아,베라 먹을때 자주 쓰고있고그냥 사는거 보다 내콘으로 하니 더 편한것 같아요♡♡
632,633,2021년 1월 12일,1,김지영,몇달이지나도 대답이없는 카톡상담은 왜만들어놓으신건지??? 어디로연락을 취해야 문의사항이 접수도는지요???
633,634,2021년 4월 7일,5,Parin Parin,간편하게 기프티콘 사고팔수있어 좋음
634,635,2019년 8월 17일,1,Google 사용자,기프티콘구매했는데 사용완료된거라고 합니다 당당하게 결제하려했는데 계산대에서 얼마나 낭패봤는지 검수제대로 안하고 판매올리는건가요? 너무실망입니다 구매자들 피해가 심각하네요 빨리 조치바랍니다
635,636,2021년 6월 8일,5,강영임,다양한 기프티콘이 있어 좋아요
636,637,2021년 12월 23일,5,아옴쥐쇼미,저렴해사 배달어플보다좋아용
637,638,2020년 11월 3일,5,심진섭,사용하기 아주 편해요 만족합니다
638,639,2022년 7월 23일,5,권주완,싸고 좋아요
639,640,2020년 11월 17일,2,장태훈,계좌도 만들고 카드도 발급 받아서 구매했는데 왜 17000콘이 들어오지 않을까요
640,641,2021년 12월 24일,5,희망을갖자,저렴한가격으로 득템ㅋ
641,642,2021년 10월 27일,5,다닝,같은제품을 할인해서 살수잇어서 너무 좋아요
642,643,2021년 4월 7일,5,그린비,기프티콘을 마음놓고 팔 수 있어서 좋습니다
643,644,2021년 3월 17일,4,정은숙,저렴하게구입해서 잘쓰고있어요 단점은유효기간을 체크하지않으면 돈을 날린다는거? 기간이되면 푸샵해주시면좋겠어요
644,645,2021년 11월 21일,4,Su Song,쓰기 편하고 좋네요.
645,646,2021년 1월 22일,3,Esme im,잘쓰고 있지만 천날만날 업데이트인교
646,647,2021년 4월 6일,5,제제,필요한 쿠폰을 저렴하게 살 수 있어 강추입니다.
647,648,2020년 11월 13일,5,이진범,상품이 더 다양하면 괜찮을듯
648,649,2021년 9월 2일,5,Jeonghyeok Heo,이용이 편해요. 좋은 딜이 많아요.
649,650,2021년 6월 12일,4,이우진,사용완료버튼을 눌러야 하는게 번거롭네요
650,651,2021년 4월 7일,5,당당한마스크,항상 잘 사용하고 있어요 이제는없으면 안되는 어플이 되었습니다~
651,652,2021년 7월 1일,1,01 01,다른 사람 주려고 싸게파는거 샀다가 개쪽당했네요 이미 사용된걸 왜 판매하시나요? 이거 사기 아닌가요? 어떻게 관리하시길래 이모양입니까 도대체
652,653,2021년 7월 21일,5,miran jung,깁콘 사기도 팔기도 너무 좋네요
653,654,2021년 2월 8일,4,박석봉,너무 편리한 기프트콘 마켓이에요
654,655,2021년 4월 17일,4,이인정,사용가능한지 알아보는게 힘듬
655,656,2021년 6월 14일,2,hj s,이런 어플이 있어서 넘 좋은데 불안정?하네요 잘 안될 때도 많고..
656,657,2021년 10월 28일,1,Hodong Junior,기프티콘에 문제가 있을시 고객센터와 연락이 매우 힘들다.
657,658,2021년 2월 10일,5,너굴맨,기프티콘 싸게 살 수 있는 좋은 어플! 자주 씁니당
658,659,2021년 1월 30일,1,박세준,친구한테 생일선물 했는데 이미 사용된거라 뜬다네요 .. 회사 전화번호 공개도 안하고 1대1 상담하니 3일안에 답변준다하고 이미사용되었답니다 라고 답변오고.. 사용된걸 몰라서 묻는게 아니고 왜 내가 사용도 안했는데 사용되었다고 뜨는지ㅡㅡ 진짜 친구한테 미안하고 더블엔씨 회사에 화가나고 머하자는건지.. 빨리 환불해주십쇼
659,660,2021년 7월 10일,1,인 나 청 서 누 기,단가좀낮추지마세요ㅜ
660,661,2022년 2월 9일,1,최효선,충전할려고 하는데 인증을 다시시도 하라고 하세요 네이버인증.카톡인증 둘다 했는데 왜그러죠?.
661,662,2020년 9월 11일,5,J H,잘 사용하고 있어요 간편해서 좋네요!
662,663,2019년 6월 27일,1,Google 사용자,앱을 깔았는데 작동이 안됩니다ㅜㅜ
663,664,2022년 1월 20일,5,김동수,저렴하게 원하는 음식을 먹을수있어서 좋음
664,665,2021년 4월 7일,5,갑갑,중고나라나 당근에 팔아도 팔기힘든데 국내1위 업체인만큼 신속 적당하게 기프트콘을 팔 수 있어 좋습니다
665,666,2021년 1월 14일,5,뇸뇸,판매도 구매도 해봤는데 만족합니다
666,667,2021년 3월 17일,5,여김나영,카페에서 커피먹을때 할인값으로먹을수있어서 경제적이고 지인들께쿠폰선물할때도 저렴하게 구입할수있어서 너무좋아요 저는 니콘내콘 단골입니당
667,668,2020년 9월 11일,5,천용희,그동안 모아둔기프트콘으로 용돈벌었어요 사용하기도 편하고 판매결정이 빨라요
668,669,2020년 5월 26일,1,백시앙,별하나도아까움 궁새해서쓰면인증 실패뜨고 문의해서환불요구하면 정상이라고환불안된다함;가격싼이유 다있는듯 상담도 챗봇뿐이고 상담사는따로없고 정보부족
669,670,2021년 2월 13일,5,성유화,저렴하게 살수잇어서 너무좋아용!
670,671,2020년 8월 14일,5,냥이놀이터꼬토금,판매도 빠르고편리해요
671,672,2021년 3월 18일,5,전원,"스벅 이디야 뚜레쥬르 베라 주로 사용중이고요, 착한가격으로 친구에게 선물해요~"
672,673,2020년 8월 12일,5,아자자!!,항상 쓰고있는데 너무 좋습니다.^^
673,674,2020년 9월 8일,5,Jimin Hong,기프티콘 싸게 구매도 되고 필요없는 기프티콘 팔수도 있네요
674,675,2020년 8월 11일,5,mj cho,사용하기편리해서 자주 애용하고있습니다~
675,676,2021년 6월 29일,3,잠으섬,?회원가입 안되요.전번 입력함 카톡으로 인증 번호오는데 숫자가 4개와요. 그거입력함 6자리이상 입력하라나오네요. 카톡로그인 누름 멈추네요;;;;
676,677,2020년 7월 24일,1,ive L,5만원 사기당했 어요ㅋㅋ 5만원짜리 산건데 쓰려고 보니까 2880원 남아 있더라고오 ㅋ 이거 2000원을 써버려서 환불도 못받고 ㅋㅋ 별 주기가 아까운데
677,678,2021년 4월 6일,5,이용,너무좋은어플 자주쓰고있어요~^^
678,679,2021년 2월 6일,1,14 09,이전에 본인이 등록한 카드 관리 앱에서 안되나요? 자꾸 간편결제하려니 기인증카드라고 뜨기만하고 간편결제누르면 카드선택하라하고 왜이런가요
679,680,2021년 8월 1일,5,정예진,판매가 하려면 인증하라는데 인증하면 화면이 하얗게떠요 ㅠ
680,681,2021년 1월 2일,1,안소연,왜 핸드폰인증하면 자꾸 에러뜨면서 가입이 안되요?
681,682,2021년 1월 11일,1,Y K,쓰다가 정말 상담원태도가 별로여서 탈퇴하네요~
682,683,2021년 7월 11일,1,먀먀묘,정산까지 한세월걸림 주말곂치면 더오래걸림 어이진자없네
683,684,2021년 11월 9일,5,자연스럽게,매장에 들러 제품 확익후 바로 쿠폰구매해서 사용했어요ᆢ 먹고싶던 파바 생크림케잌 할인받아 맛있게 먹었어요
684,685,2021년 3월 17일,5,김땡칠,진짜 좋아요 이걸로 매번 스벅에서 저렴하게 음료 마십니다.
685,686,2021년 3월 25일,1,Gayeon Won,정산금 출금 눌렀더니 6시까지 다시 신청하라고 할때는 언제고 오류만 뜨면 어쩌라는거죠?ㅠㅠ
686,687,2020년 8월 11일,5,임남균,최고에요♡ 싸게사고 팔고! 좋아요!
687,688,2021년 5월 6일,3,경_,주말에는 되도록 여기서 구매하지 마세요ㅋㅋ 기프티콘에 문제가 생겨도 상담 가능 시간이 평일 10시~6시라 그때까지 아무런 조치도 못 받거든요~ 저처럼 당일에 필요해서 샀다가 발행 취소된 쿠폰 와서 고생할 바에 그냥 직접 사는 게 시간 안 뺏기고 훨씬 이득입니다. + 평일에 환불처리는 빠릅니다. 앱 문제는 아니니까 정정할게요.
688,689,2020년 11월 3일,5,s un,안쓰는 기프티콘 판매해서 필요한 기프티콘으로 사서 쓰니 좋아요
689,690,2021년 4월 6일,5,푸른솔,편리하게 잘 이용중입니다
690,691,2020년 10월 4일,5,꺄뮤,너무좋아요 덕분에 현금도생기네요
691,692,2020년 11월 15일,4,방탄 7명의왕자들,다른것보다 기프트콘 이 싸서 좋은거 같아요
692,693,2021년 3월 18일,3,니모,이미 사용한 쿠폰인지 아닌지를 이어플이 중간에서 확인하는거 맞죠?
693,694,2021년 12월 25일,5,Irene K,쏠쏠하게 돈모으는 재미가 있습니다.
694,695,2020년 10월 20일,5,Sanghyeon Jo,장바구니 기능이 있었음 좋겠어요.
695,696,2021년 4월 7일,5,강유범,편하게 이용 잘하고 있어요 너무 좋네요
696,697,2021년 8월 21일,1,Roundrock TX,니콘내콘 쿠폰 구매했는데 매장갔더니 유효하지 않은 쿠폰이라며 사용불가라네요. 사기당한건가요? 고객센터는 주말이라 문닫았네요. 해결부탁드립니다.
697,698,2021년 12월 23일,1,박수복,"최근에 산 GS25 스타벅스 더블샷 에스프레소 크림 12월31일자 쿠폰을 구입했는데.. 이거 사기쿠폰이네요.. 해당 쿠폰은 등록되지 않은 쿠폰이라 나옵니다.. 적은 금액이라고 이정돈 괜찮겠지하고 일부로 이런쿠폰인지 알면서 이런걸 판매 하시나봐요? 낼까지 환불조치가 되지않을 경우 소보원에 신고 및 언론에 사기쿠폰 판매 대행사로 제보 하겠습니다! 날짜가 얼마남지 않은 걸 살땐 정말 조심해야겠네요.. 싼걸 미끼로 날짜가 짧아 고객센터 신고도 전에 재수 없으면 유효기간이 지나 버릴 수도 있으니.. 이런점을 이용해 사기쿠폰이 남발 합니다. 판매자를 탓하기 이전에 이 회사에서 그런걸 걸러내지 못한 다는걸 다 알고 판매하는거니까.. 아무래도 이회사는 언론의 뭇매를 좀 맞아봐야 정신을 차릴려나 봅니다. 이런식이면 소비자가 불안해서 쿠폰을 어떻게 사겠어요? 입장 바꿔 생각해보세요.. 그리고, 이런 업을 할려면은 왠만하면 고객센터 전화 정도는 들여놓고 하세요.. 사기쿠폰판매업자와 동조하는거 아녜요?"
698,699,2020년 11월 3일,4,한송이,쿠폰 판매가 쉬워요 그런데 가끔 뒤로가기하면 판매하기가 사라져요 ㅠ
699,700,2021년 1월 24일,3,Jimin Jina,"하루, 이틀이 지났는데도 판매 제시 알림이 안 떠요ㅠㅠ 현재 리뷰 대기량은 매우 많음인데 왜 그런 거죠..?"
700,701,2021년 7월 28일,1,hj j,회원가입에 인증까지 하고 판매자인증하는데 인증번호 넣고 확인까지 눌렀는데 하얀화면만 수십번나옴 열받아서 바로 탈퇴하고 삭제 전에 글남김
701,702,2021년 4월 25일,1,SH K,s21에서 앱이 실행되지않고 자꾸 종료되요. 해결부탁드려요
702,703,2021년 4월 7일,5,권미선,너무 편하게 잘 사용하고 있어요. 없어서는 안될 어플입니다.
703,704,2021년 1월 8일,1,김우찬,"두개를 판매등록하면 먼저등록한게 사라짐,,,"
704,705,2021년 7월 28일,4,Yurt 76,기프티콘 이미지 저장 가능하게 해주세요
705,706,2021년 5월 27일,1,sjsnjd_69 as,왜 다시깔았는데 앱 안켜지냐??
706,707,2020년 5월 18일,4,다람쥐,메모기능 있으면 좋겠어요 금액권 잔액관리 어려워요
707,708,2020년 10월 16일,5,Of Best Best,편리하고 좋아요
708,709,2021년 7월 30일,4,SKD,스타벅스 무제한 사용해봤는데 되네요 단지 코드13개라 온라인주문은 안됬어요 ㅜㅜ
709,710,2021년 6월 1일,2,떡볶이,핸드폰 인증 계속 완료라 뜨는데 다음으로 안넘어가지네요 왜이런가요
710,711,2020년 10월 25일,5,김소진,가성비 최고의 기프티콘 앱이예요
711,712,2021년 1월 7일,1,미키,앱 조잡하고 자꾸 죽음. 쿠폰 쓸려하는데 짜꾸 죽으면 뒷사람 눈치보이고 종업원 짜증냄. 쿠폰 사용 법이 까다로워 사용 못해도 환불 안됨. 절대 비추.
712,713,2020년 8월 14일,5,해피해피,우왕 만족하고잘쓰고있어요! 더매입많이해주세오
713,714,2021년 5월 29일,1,미녕,아니 쿠폰쓸려구 구매했는데 왜 어플이 안열려요??ㅠ 그냥 제돈주고 사먹고왔는데 어플 정상화는 언제되는건가요???
714,715,2021년 3월 23일,5,가인,다 괜찮은것같은데 다만 무통장 입금도 있었으면 좋겠네요
715,716,2019년 9월 7일,1,Google 사용자,이미 쓴 거를 팔면 어떡해요? 계산대에서 이미 쓴거라네요; 리뷰보니 저말고 그런 분 또 있네요. 산지 일이분만에 쓰려고 하니까 이미 다른 지역에서 쓴거라네요. 뭐 이런 어플이 다 있죠.
716,717,2021년 11월 9일,5,서진석,이제 알게된게 한심하네요 ㅠㅠ 정말 추천합니다
717,718,2021년 4월 27일,5,김수정,캡쳐사용 가능한건지 자새한 설명이 없어요...ㅠㅠㅠ 사용 가능한거죠?
718,719,2021년 11월 29일,5,조현아,기프콘 할인받는곳 찾고 있었는데 알게되어 기쁘네요
719,720,2021년 4월 26일,5,돈과스윙스,짱좋아요 무조건 여기서 기프티콘으로 사서 먹어요 그런데 혹시 연말정산 현금영수증 되나요?
720,721,2021년 7월 30일,1,최종익,판매하려는데 문자인증 어플인증하고 확인누르면 어플이 먹통이 돼요
721,722,2021년 5월 27일,5,유현진,카페인이 절실히 필요한 오늘 쿠폰으로 동료커피까지 함께 사서 출근했네요 덕분에 하루 잘견뎠네요
722,723,2021년 4월 18일,1,사김,업뎃후 오류가넘심한데요? 목록도안보이고
723,724,2021년 4월 5일,1,자음퀴즈 세계1위 Team J-,오프라인 사용은 뭔데 취급안함? 지들 맘대로네
724,725,2021년 11월 22일,5,윤광빈,잘 사용하고 있습니다~ 질문이 있는데 정산금이 토스뱅크 계좌로 입금되게 하고 싶은데 은행목록에 토스뱅크가 없더라고요ㅠㅜ 토스뱅크 추가가 가능한가요?
725,726,2021년 7월 3일,5,김인수,스타벅스 커피를 할인 받아 구매할 수 있어 좋습니다.
726,727,2021년 8월 9일,1,공주,회원탈퇴버튼 알려달라 했더니 무슨소리 하시는거에요 회원탈퇴버튼 어디있냐구요
727,728,2021년 4월 7일,5,Daehee Jung,편리하게 잘 사용하고 있습니다
728,729,2021년 6월 4일,1,TW,갑자기 안열리네요? 돈도 충전되있는데 무슨일이죠?
729,730,2021년 8월 26일,4,김판석,할인폭을 최대한 많이 잡아주세요~
730,731,2021년 2월 10일,5,스콘은맛있어,유용하게 잘 이용하고 있어요~^^
731,732,2021년 3월 17일,5,YONGHAN JEON,잘쓰고있습니다 환불 정책 개선되면 좋을거같아요
732,733,2021년 10월 1일,3,이준혁,저번에 쿠폰이 쓰여 있어서 화가 났었는데 환불도 해주고 그래도 괜찮은 앱입니다
733,734,2022년 1월 5일,4,은우아빠,선물용으로 쿠폰을 카톡으로 공유할수있게 해주시면 좋겠네요
734,735,2021년 4월 6일,4,shirley Ann,필요할때 아주 요긴하게 썼어요~ㅋ
735,736,2020년 2월 17일,1,Google 사용자,앱이 작동되지를 않아요;;;
736,737,2021년 8월 3일,5,Cerenity Endymion,유효기간 알림 서비스가 좋아요!
737,738,2019년 3월 30일,5,Google 사용자,기프티콘판매 구매 모두가능하니 너무 좋아요 ㅎ
738,739,2021년 1월 29일,1,하하,아 내 돈 ㅠㅠ 아 ㅠㅠㅠㅠㅠㅠ 카드로 사고 잔액 확인해봤더니 돈은 빠졌는데 내콘에는 없어요 ㅠㅠ 아 ㅠㅠㅠ 돈 날렸어요 ㅠㅠ
739,740,2020년 1월 29일,4,Google 사용자,카카오페이로 결제하는 기능도 추가해 주시면 이용할게용😛
740,741,2021년 4월 21일,5,아쿵이,좋네요 계속 애용할께요
741,742,2022년 2월 8일,5,heeeun shin,저렴하게 구입해 잘 사용했어요
742,743,2021년 3월 25일,3,H SS,잘쓰고 있었는데 상품이 많이 없어졌네요.
743,744,2021년 8월 5일,5,크리스탈,최고의 어플입니다 재테크에 도움돼여 ㅎㅋㅎㅋ
744,745,2020년 8월 14일,5,상큼다앤,너무 좋아요 니콘내콘 최고에요
745,746,2020년 11월 3일,5,이선경,니콘내콘 잘 사용하고 있어요^^
746,747,2021년 4월 16일,5,Byeol Ha Lee,번거로운 절차없이 사용이 간편해요
747,748,2020년 8월 19일,1,아스파라거스떡볶이,네트워크 에러났다는데 어떻게 해결하나요? 그냥 환불하고싶네요
748,749,2021년 7월 3일,5,김윤보,학교 집 학원 자주 가는 곳 상품권이나 기프티콘 구매해서 제테크 가능한 점이 맘에 드네요
749,750,2021년 3월 17일,5,뿡뿡,사고팔기가 편리합니당 커피마실때 구매하여 사용하면 자체할인을 받을수있으므로 강추
750,751,2021년 4월 7일,5,이상훈,기프티콘 팔때 잘 사용하고 있어요
751,752,2020년 10월 17일,1,예린,친구한테 생일선물로 줬는데 오늘 학원끝나고 사먹으러 갔는데 썼다고 떴다고 하네요. 기프티콘 날짜는 2일 남고 친구한테 미안해 죽겠네요. 오늘 주말이라 상담원 채팅도 못치고.. 여태까지 이런일 없었는데 그냥 돈 뜯긴건가
752,753,2020년 12월 10일,2,송지연,분명 무료인데 카드결재가 뜸니다... 답변 부탁드려요
753,754,2021년 7월 10일,1,정다겸,핸드폰 바꾸고나니 앱실행이 안됩니다.커피2개나 구매해둔게 있는데;;
754,755,2020년 8월 11일,5,김효정,사용 못하는 기프티콘 처분할때 유용하게 사용하고 있습니다
755,756,2020년 8월 11일,5,서울여행,좋아요 기프티콘 사고 팔고 짱좋아요
756,757,2020년 10월 7일,5,양보람,카톡으로 니콘내콘 알았다가 어플있길래 설치해봤더니 가격제안 알림와서 너무 좋아요♥ 니콘내콘 짱
757,758,2022년 1월 1일,5,이은령,할인된 가격으로 구입할 수 있어 좋아요
758,759,2020년 3월 29일,3,Google 사용자,좋습니다 그런데 간편결제 카드 바꿀 방법은 없나요??
759,760,2021년 3월 10일,1,피터린치,3.9 업데이트 후 앱실행하면 바로 종료되네요?
760,761,2021년 2월 4일,5,박선영,아주 좋아요 여기서만 삽니다
761,762,2021년 4월 9일,1,Jun Soohyun,사용안되는 쿠폰 파는 곳 어제 구매하고 30분후에 사용햇는데 사용불가 오늘 고객센터전화하니 아예 전화안됨 카톡문의도 답장없음 이 정도믄 사기수준 빨리 환불바람 환불 미조치시 널리널리 알려드리겟음
762,763,2020년 4월 19일,1,Google 사용자,기프티콘 사려고 계산하는데 은행사정에 따라 3분에서 4분 소요된다면서 10분이 지나도 다음으로 안넘어가네요 은행에 무슨일이 있는거죠 강도가 다녀갔나 도대체 기프티콘을 어떻게 사라는건가요
763,764,2022년 6월 13일,1,손동영,메뉴보다비쌈
764,765,2020년 5월 29일,1,유송현,ㅋㅋㅋㅋㅋㅋ 뿌링클세트 16900원에 구매했는데 9500원으로 할인해주는 할인쿠폰이오네 상담할라니까 평일 6시까지한다하고 확인하고 파시는거 맞으신가요 어이없네요 정말
765,766,2021년 1월 30일,1,서수민,미성년자라고 해서 판매 못하는걱 어딨습니까...개인정보는 그거대로 인증하고 마지막되서 안된다하면 뭐하는거죠...미성년자라서 안되는거면 미성년자는 앱사용 금지하시던지 판매도 미성년자도 할수있게 만들어주세요
766,767,2021년 8월 6일,5,hyeoni S,저렴하게 사용가능
767,768,2021년 5월 15일,5,Kastureh Lionpus,시원한 아메리카노로 여름철에 위염예방에 도움줍니다.
768,769,2020년 5월 12일,1,김제리,자꾸 인증실패로 나옵니다. 인증실패가 바로 뜨고 패스인증요청이나 인증문자가 뒤에옵니다.
769,770,2021년 3월 10일,1,DONGJUN SUNG,업뎃후 접속이 안되네요 쿠폰사용 좀 합시다
770,771,2020년 10월 13일,5,홍A,모바일상품권 알뜰구매가 가능해요^^
771,772,2020년 8월 13일,5,정보영,기프티콘을싸게구매할수있어서좋음
772,773,2021년 5월 11일,4,황지영,스타벅스  카페라떼 270ml 크기 로 구입했습니다 . 오늘 편의점가서 바꿔먹을려고 하는데 결제 실패라고 뜹니다...아무리해도 사이즈 아니랍니다..헉시나해서 작은크기 200ml 해보니 결제가된다고하네요? 뭐죠?저는 270 ml 크기로해서 산건데..완전 ㅜㅜ사기잖아요 확인해주시고...교환해주시던지 환불해주세요 ㅠㅠ 기간도 짧은게 빨리 확인 부탁합니다!!! 카톡주세요!!! 이멜보냈는데도 확인해보니 읽음이라 되잇던데 답변도 없네요 맙소사 ㅜㅜ
773,774,2021년 10월 17일,1,윤우성,쓸려고보니 다른 자역에서 사용했다고 하네..ㅡㅡ부산에서
774,775,2021년 10월 26일,5,Super Devil,잘이용합니다 저렴하게
775,776,2021년 1월 14일,3,은슬,왜 농협으로 처음 결제하려하는데 오류가 뜨나요? 계좌가 농협밖에 없는 사람은 어떻게 결제하라는거죠? 빨리 고쳐주세요..
776,777,2020년 10월 21일,5,Google 사용자,쿠폰사용자라면 필수 어플 필요없는 쿠폰 바로 팔고 필요한쿠폰 바로 사는 어플 이제 중고 쿠폰 찾지말고 여기서 해결 .상품권도 사고 팔면 좋겠음
777,778,2021년 2월 2일,1,박초롱,이런것좀 만들지마쇼 정상적인 경로로 파는것도 아니고 남이 받은거 사진으로 다시 되파는 허접한 서비스인데ㅋㅋ 제휴인줄 알고 속고 사는 사람 존많문; 카카오에서 제재했음 좋겠네요^^ 여기서 사도 원래 쿠폰 주인이 취소나 사용하면 도와줄 방법없음 ㅅㄱ
778,779,2020년 11월 10일,5,호두나무,기프티콘 싸게 살수있고 선물받은 깊콘 팔수있어서 좋아요
779,780,2022년 4월 1일,5,김재경,화이트생크림케익 싸게 사왔습니다.
780,781,2022년 3월 15일,2,나신교,못쓰겠네 여기. 멈춰버리고 말이야'
781,782,2022년 4월 15일,5,이성민,잘쓰고있어요..
782,783,2021년 2월 5일,5,숨어푸,니콘내콘 이용해서 기프티콘 오늘 처음판매했는데 빨리판매되서 좋았어요
783,784,2022년 3월 10일,1,jk min,앱안열리는대요? 뭔가요?
784,785,2022년 4월 20일,5,Jonathan Choi,최고의앱!!
785,786,2021년 8월 2일,1,깅깅,본인인증 절차에서 인증 후 빈화면만 나오네요..
786,787,2021년 4월 7일,5,Kaiya Park,"일단값싸게 깁콘사서 쓸수있는점이 좋아요. 깁콘산게 즉석에서 반영됨. 단점은 국민은행,카뱅 연계안된다는것과 금액권의 잔액확인은안되요"
787,788,2022년 1월 29일,5,박성수,기프티콘 할인 받고 돈 아끼고 좋네요
788,789,2021년 2월 2일,5,goo ae,간단히 사고팔때 좋네요
789,790,2020년 9월 10일,1,barista j,무슨 기프티콘 사는데 핸드폰 인증에 공인 인증서 인증에 5번을 거쳐야하냐.. 안산다 안사
790,791,2021년 5월 6일,4,정형준,오늘 처음 알게되어 다운받고 사용한 사람인데 인스타 팔로우를 해서 구글폼에 작성하려는데 계속 안나오네요..
791,792,2021년 10월 19일,5,이유리,너무너무 감사합니다 좋은하루되세요
792,793,2021년 2월 14일,1,김미리,로그인이 안돼요 다시 회원가입하려고하면 안된다고 뜨는데 어떻게 해야하나요?
793,794,2021년 1월 20일,5,푸끄,좋아요! 이렇게 싸게 구매했었다니..
794,795,2021년 3월 11일,1,전승희,업뎃했더니 사용안됩니다.ㅠ
795,796,2021년 5월 30일,5,김안냥,스벅에서 사용하니 좋네요~^^
796,797,2021년 11월 23일,1,point sky,개 쓰레기어플 지들 멋대로 처리하고 개최악이네요 진짜 이딴앱 쓴게 하;
797,798,2022년 4월 17일,5,버들류우주,이건 상받아야됨..
798,799,2021년 10월 31일,4,준햄튜브,남은 돈을 계좌로 환급하고 싶은데 기능 없나요
799,800,2021년 4월 7일,4,구름솜솜,도움이 많이 되서 좋아요
800,801,2020년 9월 10일,3,안유라,기프티콘 팔때 여기서 파는데 막혀있는것도 있어서 좀 불편해요...
801,802,2021년 5월 8일,3,김기호,좋아요저렴하게구매하믄중임니다
802,803,2022년 2월 23일,5,은아이,바로사용이 되니 좋아요.
803,804,2022년 2월 20일,5,박덕자,저렴하게 잘 먹었습니다^^
804,805,2022년 3월 16일,3,희망갖자,요즘 렉 걸리고 이상해요
805,806,2021년 6월 3일,1,Kunki Oh,구매안됨 카드등록도 안됨 사용불가
806,807,2020년 11월 17일,5,샐러리맨,현재 시간 14시15분인데 카카오톡으로 문의내용을 보냈는데 아직도 안읽는거는 뭐죠? 원래 바로 답장이 오지 않나요.. 점심시간도 지났는데
807,808,2021년 5월 18일,5,&,좋아요 더 저렴하게해주심더감사해요^
808,809,2021년 5월 27일,5,Park Jin,할인받을수 있어서 좋아영
809,810,2019년 10월 15일,5,Google 사용자,안쓰는 기프티콘 판매도 하고 싸게 살 수 있어서 좋아요
810,811,2019년 4월 1일,5,Google 사용자,기프티콘 남는것들 여기서 처분가능하니 진짜 신세계에요 니콘내콘 대박입니다^^♡
811,812,2021년 7월 15일,2,김태호,미성년자는 쿠폰 판매 못하는게 아쉽네요..ㅠ
812,813,2022년 3월 3일,5,Ik Geun Jang,최고 절약 앱
813,814,2021년 7월 21일,5,강혜진,1500 원을 770원에 너무 좋아요.
814,815,2020년 9월 12일,5,쿠키,니콘내콘이 제일 사용하기 좋아요
815,816,2020년 6월 29일,5,Jhonber KIM,이런게 있는줄 몰랐네... 싸게 먹을수 있었는데...
816,817,2020년 8월 19일,3,YEONKYEONG YOON,아무것도 안떠요. 제가 구매한 쿠폰도 안뜨구요. 왜 이러죠??
817,818,2021년 6월 3일,5,단지,저렴히 잘사용했습니다
818,819,2021년 4월 7일,5,Boreum Choe,사용하기 편하고 좋아요
819,820,2021년 10월 9일,5,Young Sun Sim,생일케익 할인받아 잘 구매했습니다!
820,821,2022년 1월 4일,1,정은비,왜 아이디비번찾기가.안되는가죠
821,822,2022년 3월 12일,5,짱짱,너무 좋아요
822,823,2021년 3월 3일,5,Eunyeong Lee,좋아요. 깊티콘 사기 걱정도 없고요
823,824,2020년 8월 12일,5,윤소영,너무 편하고좋아요ㅎㅎ
824,825,2021년 4월 6일,1,emo rain,로그인이 안되면 이 앱은 대체....
825,826,2022년 3월 5일,5,한상민,아주좋아요
826,827,2022년 2월 4일,1,Hayden Song,사이렌 오더가 안되는 쿠폰은 미리 적어놓던가 쓸려고 하니까 불편하게 만드네 대표야 cs 갈아엎고 서비스 접어라
827,828,2021년 3월 17일,5,ZOO O,어차피 돈내야하는거 핵저렴으로 사서 사용합니다
828,829,2021년 12월 19일,5,도지아,저렴하게 음료 살 수 있어서 좋아요
829,830,2021년 11월 22일,5,Kim민식,편하고 좋네요
830,831,2020년 12월 10일,5,채승훈,좋아요 강력추천입니다
831,832,2022년 1월 11일,5,김정숙,저렴하게구입할 수있어좋아요
832,833,2021년 2월 17일,1,이름chs,사용했더니 사용된 쿠폰이라고 하네요
833,834,2021년 6월 29일,1,머금살,켜자마자꺼지네요 왜그럴까요
834,835,2020년 5월 2일,1,홍비냥,회원가입이 안되는되여?? 서버에 무슨 짓을 해놓은거죠
835,836,2019년 11월 15일,5,Google 사용자,할인쿠폰 놓칠수없죠~ㅋ
836,837,2021년 5월 10일,5,윶윶,저렴하게 살 수 있어서 좋아요!!!!
837,838,2021년 6월 10일,1,진진,앱 접속이 계속 안돼요
838,839,2020년 10월 16일,5,박진성,니콘내콘 최고에요 무조건 강추
839,840,2021년 10월 6일,3,지민,어째서 미성년자는 깊티 판매를 못 하는건가요..ㅜ
